Ticket_ID,Email
4425,sales@ingrammicro.com.au
4428,
4429,itdept@piacentini.com.au
4430,o365pmer@microsoft.com
4432,daniel.keillor@esngroup.com.au
4433,crit-365@microsoft.com
4435,nitin.kuchara@nk2it.com.au
4451,smccleary@teamtreysta.com
4452,louise.brandish@eaglets.com.au
4454,no-reply@oc.cloud.im
4455,john.miotello@fbis.com.au
4460,joe@infiniteedge.com.au
4501,sal@thetechteam.com.au
4507,service@evologic.com.au
4515,msvendorescalations.us@cloud.im
4522,postmaster@global.ntt
4531,cxmarketplace@ingrammicro.com
4533,anita@cgbent.com
4537,stephanie.gibble@predictiveIT.com
4547,ddouglas@hammer.net