1,2,3,4,5,6,7,8,9,10,11,12,13,14,15,16,17,18,19,20,21,22,23,24,25,26,27,28,29,30,31,32,33,34,35,36,37,38,39,40,41,42,43,44,45,46,47,48,49,50,51,52,53,54,55,56,57,58,59,60,61,62,63,64,65,66,67,68,69,70,71,72,73,74,75,76,77,78,79,80,81,82,83,84,85,86,87,88,89,90,91,92,93,94,95,96,97,98,99,100
AYJ,1P2VHG,Z,IVTMGF,ZYZPL,3,59,COP,9WQB3S,2,I4TH,NJ0,J0SK,BS8C0,780FH8,L,0FCMGO,GJI97,2,JYCP,2P8D6K,XVW16T,H,KVD66,GV7,WV6L01,6RI8W,IMOKFR,YNR74P,JT6I,SRW,DQ,0,IU0J4,YF,L6ZAX,XBC9,B,9,O6,R,LZFKC,S9N95,9Q4BR,A,BDR,XCEVRC,PWRQ9,CH0BP,91N,L5B1Q6,A7L4Z,UU59L,4DIS,9O4,CY1GIN,JH,ZJHBB,1D5Z8,9R,6K,8,ED,5H,ZH2R09,96,DBO3T6,N73,1CWYK,Q,EBO8OY,739,RJO6,BLJDR,F3,X5D,ZQXB,KPP394,RGZ,LV5,5H,3OG,34AJB,0ABG56,S7UZ,06Z,WMG,ZYG,30,I3,OYZSR,ZHBY,GMQOZ,W8T,N,HPS,8L2TV8,CPH,04FR3,5BN
CG9,BQCQT7,TKF4,MX4V0J,9IU,551D,ZP2,AJ13Q4,89BE,KIUDT,8BTOW,8CP8,IG,W3XK,XUF,28,NE0,MEO9UA,4N,E7,S,1ZM,SO,V09TM,MLP,Q3VCB,I8OPH5,JLMK,XR9I48,FS8R1G,XV,NDX,HGON,5172KH,6M1Z2C,XKYX,QYRM,G,1TFC6,17IBU,T9WJV,8U,95,J74CG2,Q09,3BB,8,U,J1,L,H1AO7,R,D1WOK8,3SSBEO,69SDQN,455M,N3J58,8T1TRA,1BGM,B0PY0,N39UTO,F,S2,Y,NM,3BJI92,2,MVDPWM,5274,OS3J9E,UNMO,ZQ1,GMSY0,ONOR4,MNHCM9,4R5J02,49TAM,Q9,LNO,QW,5E,PZ3F,SS,LT,AM5Q,EZUVN,LDPS1,HTCF,GU4,NY8EH,ED,YY7,KXE0L,FA46,HIRNME,0FUT,8JTVZB,YIS,J,AFU1
PX3D,PY7,8NGW,S,NK4,O8O,E3FA6,PUW,PGNJEO,14BK0D,FWD,1C1GK,VQH54T,KD,Q,FL5T,G9047V,XB,JPA,RJ1W,L,IMB,D7AC,1ZP,AQPXE,0IG3,3,NJ6N5W,4AEQ4,78OFG2,J,F30A5,7GHV,CD7Z3,RK5,2HZZ2,Y4GER,EPF,ED,BP4KZ6,BQW6,KSN5F,R,N,D5,6,A,TI2SW9,UIFAE,S,LBR,8C,41L1,W3S2,3F2WXE,ATP6,N6,JX,HMV8O,HYVLYS,FNO,Q9DR,VKLQ,MGI,OT,U6UU,9O,F1HZ9,PNHU,G,REU5V4,RIA4,0QS,56,T,Y1,3Y,ZOM3,6PW75S,6T2IO,3UU,HYI,KI,5CE,31PF,KA,CB,QS,Q1,72JV,1AS,XNDS,HW4DF,B9K,PK9WHS,7GFR,E2D8,MS3U,OIIX,L
HTAB,FM64K,AHK,FEZVI9,9K8,39NSHZ,1BHRK0,61,2ZIODZ,RH,2KBS,MSDPKZ,VJJBWV,RD4,GUNIJ,TFR6,56IAJ,YUF9AJ,1,MK,EHIE,US,1,DKXY9,2,C6W,9KNC,N9M3,X,RWC1T,4YW8K,GWBD,K3X7HL,6,OQ3Y,0,FE31O,VL08,3,F94ZCS,M,6B,SF8,PSR8Z2,4J169,SMH,3PJ4,VP6,WYG7P6,CZMG,VJSH7Y,FJEZ0,JAGWWL,1Y,Y,1,E,W1PIIZ,U3IST1,LTDXNS,K,77NRV5,NJ,O,1YAIO,J,PT9AW0,O4LS,HG3W,V0ZGAL,EZ35Y,66L8,S17O,08VDSC,LKKP,LEVH,8,3YIY,NS4U,3,Q4OW4,S33U6X,P,WVLI8,4VOZCF,B49,J2,VW,1IFEQ,BYN,OO,M4MNJW,X7PJ,23S7,4D8B4O,O88D55,AF,W47Y,7CGKN,QZ
UTT,5JNHV,M6BDX,D4LMU,NV05,8K0M,QJ,K,W2YUW,MBDHEF,A5,XQ0ZZT,LF,R,8F,3.00E+04,9Z946,MS,QYX,LR5O,37W1,P,023XHD,EL9SJ,I,09W1,B,LNFB,RF7F,748MQ9,3,343,01SSG,9AYIQC,QB,3VLCFX,BA,EOP8UN,F,Y,K2N,TJDX,AP7B,WW0J,O4,FB,4D,Z78VI,9WLV,D,P8N,LW7S,FC,K66K5Z,5S,QBNS2,Q,ZOY,ID,KGM,HHQ,37FXCB,4,CGJ,DDR8YE,8ZD403,L3GE,HMUWP,HQ,Y4H6,WPXNQ,RGY,KYU53S,51,W43WU,H,96GCHQ,IGKJ,504RZ,K9A,RB0C,CY1IV8,J71U3,4XC,O1Z,WK,N4YY32,NGG,AHZ3,C,WY8QF4,IXD4W8,XQW,54O,DU,WYCKZ,5,UGG4R,S,Q0
X,JX,IJXTPL,GGYY1T,EA,0,ED8O,F,5V,ZSS3,5YSAHY,3N53N4,CRMMJ4,J9Q,5GSS,8CMBM5,VH46,FBJSC,B2,5WG,14Y,T7H6PS,WMO7R,6MSZ0E,U807F3,0SI,H1,T71,VB6Q,B9M,AG,4DO0A,X,EGRK,HKVH,7LSCKF,34JT,E0,DB,F,KLV27,UCFF,ERT4,LVD4,1UQ2,WW,8,I8NO,KC,WA84,WPRX6,JFEVQ,HN,VAG,GYD,ADX4H,1339K,JE9,Q,LGPZ,T,L,AMS3,ELMI3R,KZ,98,8SSJRS,5WNOHK,4Y,K8WF60,N,UK,QI,7,GOD1X,DAD3,FZ,4W7TPY,9F,URYPN,9H705,VGGHE,7YGG,5T2,EUWSN5,GOZ13Z,H8,C5BDCB,3,L74U7,1SY5WW,YTCHGJ,1QYT,4ZQ9,4GF3,SPNX,QYT,Z5SDB,XG1WDI,FIR
QM,E,YIUV,D2P7B,P9,0,B1LKK,5I,HR,4JDU,U9N,4XSYZ,ZAE80Q,BLKLZ1,08WY,MXXF,ON4,ZL7K,N,2OBTDT,68,TOWZN,UE,QR,O8A,YEN,PIV,490MIP,D1A,N,O7,Z4PFD,MGP3J0,5R,L47,PR,YLK,7SDLM,CZNC,G,Z,6J1R,AW,YA,0FQY19,P8V,V9SGA,OBB582,Z,469,ZGQ4M5,J3WA,SW1,JZ58,S,WT,C,CMN,6SAS,O,CH,G5,MW,FGC,364Z6B,D,WMFUF2,L3RI,VL9XV,I,5S6M,N,DIODG,6PGVJ,FK,0YQ,0426X5,7UC0,HSYFD2,L4YG3,IB,2E,F8VI5,T3ZR7X,JJFDL,DYYW,OTLPLT,2ICBT,OKP6T,FGQ,J8O15H,NYG4,3K9,N6,IB2,EU3,XCPHA,6JZ57,Q,IGFSH8
WCE0MS,L,FW37,U6,7AOO,OUE,1TQ,D7,UJ7X,HMT8,W,PZ,FK,B9,QLOT,WIIS,UN6,XNGN,3KGH,UWYB7R,OK3M31,L8VK,GKHY,UX6WKG,7KP,7,S,CPL1U2,OY,TEC6SA,9G7,BTNC,E,WO,6NUIE,5,MV3,D,FKGZF,Z,E,JJ1MWD,JGTQK,YY,8YC4U,4,L,RMDP2Q,D,LE5D9I,L4FD,66H,E4,IXQU0,ISURM9,T,G3V747,MFGZ,U,YN,GVA469,V,O,F2MFTF,X,DVMM,9,AO07,4G,UNDLXU,2RTUL6,AIN6,LUC7,MZR,SI,H,4,H,51F,DEHGN,0A,AX,4GPI,CXF,ELIB,YKJL2,5AKIKO,C3G5H,YHCR,40U3A,E9NG6B,GQ,GENT5,S1R,YOF,OS,2,EKWIV6,F3ZSQ,MV6YI
BV,FSSP3C,LBLLH,IZ,I,MINIJP,SRETJ,SQRB,P,PP,7D,EPA,2Q,X4HVQ,OZU94,QAIQAW,6VYRWC,6C,P5W8Y,K,Y,T8,L4HVX,10BG,6K,4,8PPMA,A,UBDJ,AA0S,TVOLA3,6PO,03P0,QH9QLT,H3VFWK,U,7B,BE,GWAVD,ENX9F,EUZW3,VS3,BSQCKD,WMJ9,5NGQ,X0V,VR0,Y,1UO1ER,JNZBH,ETT1Y,O,K1,2MTG,9WL9,M3OKHP,VZ2BUB,5AO2,61N7GW,WMQHRV,6,HE0,19F0,6084,66TJZB,XK7DUH,N,GE87,KG36U,Y3OER,5S7B9,7I,KZRL,2P9PLS,9.00E+03,M00,TC,ERF,KH0DCE,7V,CAVZ,QTM,YR0,NRN88R,YT,R7B1,O5Y,VV,6,OKD,52,K,G5IJOR,X,B,5,ZKC,2SF,IWOC6,142Y
E,IHWA,ZC,75,YY5,397Y,9H,WSI,B,7GV1XW,4,JVWFV,O,CA,3M7N,JR9D,7Z9,CYS,YMT,A,EY82,0C,R8HS,G0UFR7,C,R3,CYQA,79,1VAHWQ,6VKSIA,Q,T,GSJSAQ,EH8,WS5TGE,RNJ4,4K,3DM,0G6,U578X,LH,WJPD,PSY3F,01NA,4UH9ML,LTFRV,3O4L9Q,T4,MZ8D,R,VK,787U6,T0KLPL,WUK1K,Q187Y,DE,76R20,QNKM,TP7K,EJM1,1XUIHZ,UE6,V,VE272,385FX,KBGW,WC9,RZ3I9,NL655W,5,8,KXM,9,B8KN,MP5,VK,G,W57ZF,9R,5O3EW6,18,WEMYNR,G0VKV,W3XPV,1,QNW,TH0L,S,J7ET,OOR,K83NE0,L5,KFBLLY,2UM9,XQ,HASD04,ELW,G,U,ML5
KOJ4,6NYO,MZ,2PH,JE9774,Z2X,OC9ILM,D,O,3,KXT,K,MS,2IG,K0G,Q,M2,G79,WTD,QXBR1,0UH8VJ,TN,7M,XY20E,H2TNN,MO,K2A3IU,Q3800U,9,XHZ0N,JI,NYREU,NGKM,G5,1VK2T,V,JTE,3EA8HZ,0K2E,2DOAM,QL,GT1,BKW,DEDVP6,Q53DRS,20Y,PSEN,CJ5F,HM2Y,P7NS,KURY,DW5HV,QZUYY,DVR9JF,RFYOA,BMB,W4IV,QJUUY7,1,I19,LKJE,H9M,I,XG9DP,GA,K1DM6H,2U,79A,FHQ0V,FG3,Z,09TM,2QN1,422W,T,Z5QWR0,JN4B8R,T,YSH6,1,79TG29,T2S,030H5R,NO,Q,AEC,A,RK6XTU,XJ,U,6,70DB8Z,TAMBKU,RWP9Q2,D5KR,8TI,YG,1HQH,MXC3K,LO
V,Z,5VPJQ,NXSO6,CRVWMO,ED,ZE2,V6QM7,XT,V70W,IT,U,SRS,7Z3YVU,PDQ6HZ,T,O6L7XM,LOWACH,J4CQ,4,MJ,X,NS,N3W59,YSVP2,G1C,1,GNNG,FD1QF1,JDW8,420J,GR,XZ6AMS,E,QECP,H0N2Y,9XEVW,EHX1TT,H5I,BQN,C2TC,SGP1V,JYV5Y,438,58BB,KZYS4K,P,ZR0,3MR9,O,U2LX,Z2,LJVQJ,MMV5Q,I9,HF,TJZ,J0,SBTX23,IXA,FQHA,PYR,6,HFW,C,HVWLY,ZFFVLE,WB9R3,JIA3N,T81,TCCL,WSB2I4,KL66HD,7VOY,9KF,WRP6K,W92JEO,CONHR,NJ1A,V,6TDK6U,X2,82SZU,OEH9,UWO,E,V,EOHGI,14H,S,947,CQ5,SDNANU,6,S6R1SC,2,CW,U0,RY,4FJ
R,OIFC,IS42S,P5,KIIQUU,RS,VUM6,Y1F0,DUY9L,F,W3EAE,HD1FV,WO4B,FCOU1F,9,92Z,SHR,MAW,4GMUV,OGAWV2,ATZ5S,PW23,Z0,LTP,A3M4P,HJPWQ5,MTP,M,2O,Q6XHX,N8VJ,G6I,LN59,8,7C79,KIR1IW,ZZ,IHU,4,4KSN34,4MRU,DLUCI5,TKSK,UPCT,KL,6PF8,W7K,NX8U4,6C2C45,IKM,GSBJ,KA9,FIL2,U88,U9ML,D20KL,HPZ6N,4B51KV,N,R4,VC,V,LZHHU,KT,JVM,J,WXZF,F,0IG,665,7,AMPD,ZN,LW5Q,T9,1W5KR6,TD0FP,4W6U,9,9,M,B,T,0XYM,R2G,TJ,HPI,H,ZO,S,C2,SI8Y,V,52,SEU705,5F7D,YNC,KIEH,2XPVO,B7671
8,55,H,WMGY,GT3,38,L7R5EY,2WK,6OD,2GY,J,PS9K0L,ZGUU,XE8SJL,YSSC2,OYB,77,VW53G,A,PSXRFU,VCWN,ZJ4,H,MPQY,UN,YQF,YS,UC,0CM,J,V5IN,F6JS,4O6WQ,X,7J2I,QJJ1A6,PB9S,8OWS,CP7M,9L03E,4,A6VM0A,GFT6JW,W,31UO7,1F92WI,16U,ZN,8R81O,2,I,2KDEV,OL,7O4B,2,3UQ,7E,2,ZHT97,6AUQ5C,HA9RJ,UG7Q1R,LKAQF,QZFA,1DUWU,37W6H,8HYY,BDS,KRRVVI,0R,SF37L,JFKGW,9JR,MWA80,S8TK,9D4XWH,H5S6,6YN,8QRNNF,8,FBW8,E,G1,SA,D,RVAXGJ,PTEQ,A6,W8C4GK,X5F4LI,K9XG,SQB,32V,93RJ,IUE2XD,Y,HP7XV,K9EJVS,EYW1S,3Q
0U1E9,F4,R,L,3VKKH,DZZXS,WQGO3,KDST,KZ5,RTA,2S74I,2ROWXZ,9,V30PD,Y,QQ,HM8T,HUEQ,MSXCVF,S,IOQS,8,01L,Q,18LFW,1I,GR9,5AMBNB,6,SU3NO5,ET,9,L2RTRI,J3Y,KG,YVIC20,D54IA,SVR2,J99YT,HHME,XI,D9CS,W070I,VS17T,T,R,U8TH,MOWUP,0,FQ,WB5Z9,XZTWND,R,M5B5,ABHVX,KQM,V,LK,UJ,DE43XQ,MKDEC,AYP45,TNV,DSI7UC,8HH,V,94R5AS,C,AQUWB,XT1TR,WVD8F,JEXQXD,P0I,F,LV5D44,BGO1F,K,HX5,51SVMG,NPA,P1FHMR,3,N3JCR,UYC,JGPJ02,U,N,MT2G0,JP16A,4EN0X,I2,18,S,G1CN50,I28P,T96,6SZCK,E5D2F,4UBZA,241
H,Z,DCX,W3S5ZR,HHM0A,X,WG,3GBR8I,T3BLQ,LY7,QZU,CCV,G0DUXX,T1LJ6U,47QYK,IVLLR,H,P47,S4,DW,DB,WXML,U30,4O,2SA,N69,K5,3D7,Y6R0,TYKAH2,0I1,5,I,OSOJW,4V63ZK,KXOIE,3,JMMEAE,1WSZ,AP1MDO,W1B,BNWRSD,VYKGR,JR,WFW23,7DD5DA,FQPUZ,G,D,VRH,BUU6T,YWIW,K6,UB,9NJ7B0,S6,E2R6A,E,S,WDV,E,LZ5FGD,J5M,3GTT7,TOOL,2KK,H,PUP,CG8T,1QL7,YTSNZ,KT13A,RP,XS,VYTEB7,V52I,O35D,8O4K,SGDR7E,V,4XNL0,Y,RV,GZ,288,CUK,DTXV,F,DKD,VNB9DS,HG,XE,7AS4OW,JKB7Q,80361H,JXF,S0GJ5,1U,Q6U3CZ,B
4L,Y,2M2IVQ,FBFOMV,OAX7,MM5W,EU,7C9B,WH1F,HPOU0Y,E,L2Z,7L88S,I5,24,ICOPP,101,NPFN,R,2PLADU,DMY,27H0SC,1,3M,18,UB9A,MX,K5U9,CS,IX5CR,V2C3,YKL,EH05T,9,T,TQUGT,Z,JF5,R,K06N5K,IEMMU,66M,M25GQU,2.00E+73,XJA,AIS,Q,CJ,N458,I8C86N,OC1KB,GQY,N7LCY,YEGHVK,G,Y9,GNFI,SO,KYXO,B,LL,R4B,QD,UDFM,IW3,FLZ,95Q,D,ULQL,Z2,2CWK,0ELBZX,AEGYM,PF40,L,O,ITEXW,M,G59R,I,MFTH,H8SU,1YB,G,MYBICZ,W6YW6P,XB4,4OXLVC,1SYSD,9Y60L,2J5EA,1,1F2LRS,DQ4N39,HC7,MM91A5,051R,G62,TQI,HSEPC
F1R,DT,JLJT,YOEF4,5LP7Y,U7CG,JW4R9,STB3W1,1GOKXW,F71GT,UUH,9VROL0,G,IDF23,NP,PRBDS,9,0KADG,Z,P,4RWA,XP,DR3I0,K7,M6SO7,23T25Y,4BX3AP,2XZP,8Q8,3IX4,16,S,OH,2,1ZY9,CUT,9,5PBD5M,KI,6OOE08,DV,6IRM3,1Y,O7,3H71D2,A9,TE,R,CTM,Y,EE,RODV,HJRLIR,LJWY,TBIJE,HJDK,FN,0H8TAP,J9VJW,8Y1,1A5BUF,2M5,FZSZ,MC,NI9HD,E8,JZXO,7E,7,SV,A5X,1V2Y,EY,BHYNXZ,9Z,45GX1,T94G2,K5,6KRQ42,S67,1TPIGQ,G4KDI8,9,P1G,DYZL8,V55,5,F7S5L7,RL,3,WI4,7DPYBT,EVW,TTWRE6,N5II,P72JM,7SB,YC0E,1BTQQF,F3WIZ
Z,23G,8COO,JZAY,69,KDTGT6,TYAIT,Q5YS,E6DF,P,K811K,LO,N,4M30T7,E7490C,YU5,JJQBI,9,3BX0K0,DDD6I2,53,9TLT1L,2ZOI,QE6N,G05C,08D5,4E,A8,EFS,MP,E,D,YTG,06Q82,MDG,KH,O,KBK,V,7LI,QSE,FHE6,GF,OU6X5,DNXQO,2IN9T,I138V,RSW,WC1,5Z30,0,7M28Q,Q1R8L,A,C4N,I1P24E,0,YO2D,HY12H6,IE86VJ,VH,R,6,2GC3EH,I,9,D4,78YC,IHI0Y9,VLS,K7A,QWB0,Z,5OPSLB,QHH9LJ,A4O3,K,L,LT,2NFB,G,5,V9CWH3,2,R,660133,XJ,8U4FH,VPQBF,5H,BZB5O9,H8H0,PQN1V,46V,Y,7DAR,PET4,0BI,RQIQW,B
74XX3,Q1,MNY,O01,SPOT,E08,Z90DIQ,GEUR,2F,LTFGH,5GA7,BW3Z,R2IAH,M4N,SV5,0Z3EPU,50W9L,H,BXX5,SYAA,S,17EY6W,Q,P,RAAUO2,GF0P1X,O7W33,4,G5,2KNN49,PWXO,6DH,YPEQV1,ZJ8JG,P60,18NM,1,HA88G,WQL6,VR3,08K2VN,FQHT1,F,9V1E,1,TF,GL,GXU4X,5GMU2,0,KA,JXH7X,6LZ,JE6G,H,YSZYK,98DAT,4DHP,U,MU4,ZHX74U,E,O00,PYVU,CNZD,5QFA,0,7B,SC,T,P7PP5M,WNSOH1,961US,SK8UN9,LBTLUI,K2,LFA1,ZH,EJ80P9,RW17,9,4,4R01DX,I1H,F,IK2,NU,LH4,OVI6,O,ZVVITG,8G,O6,UUDS,7FRA,BJN4N5,VZN,UM8SNK,9EJ4D,GLBRS9
VYVC,Y9,F2PETM,872,6,PO6,BN4ZG,P2FBN,MSJF,2F5YJC,R5B9,KGH6,5,Q78GA7,00EU,HE,K5UBYU,9X,LLVIL,6FZ31Y,61,H,MRJ,J,F4,FMI,S,S4RP,5SNE04,91J5,2IG,3GSYI,V66U,XY4T,DHOJ2T,UEFCT,O1,Q,X8J6,PF5,RE,4EBG3,CMR,FV,1O7,F,JZR,K09F6,ZS5CN,S,L,4Q,53N,ISN5T,X5HMG5,XSY,F3,9F,HOUDA,DAP2,Y,M,R,577W,6D,J,I1,P9FOPD,6,LK,YN3R,D,7WXG5U,S,TM62,NL8,3XQ,0S2YW,KM,7KHNV7,KNEFS,ULN,WV,GU,XCEIG,QRP0,GDI5P,QBJ5,9A1JDY,U6G,AUR0M,MOV,QLK,D,JJGHXP,9C,8,3Z2GE4,KTQH,SXU4SZ
MDF,BYS,C06DNW,Y,D,7,G1DI,LG,9,PMQXJ6,BRQDP2,5TTNY1,EAICBC,XUEP,EYKSF,JB9,0TABQ,8ZJ,YFQD,88WA,YFTO,CRIDA,14,NZ8N,67,WXKEA,M,Q,KQ,ZS9X0,L3S6T1,BJ,1MS8,NJO,68IL7J,DBB8,I,DHZW5,HRJ,N4AH,UY,KSY7AQ,JEC,QTH3,2N1GS,ZIKID,K,BR,6EJMA,ZC1SO,PBNQGU,W7CF1H,7Y,BM,QKH,832P,BJCWVC,YTUJI,0C,ISG1Z8,PZI2,4D,AX4VW,QO,JXAIL,F,TF8HLI,O,E,D,0Q,MX9L2,HVO,CN5B6N,C,RZXZK,KM54,RA0,U0TR,I0,16,AD,LULVY,XMKKA,51S,RF,FYDN,3W9SI,CB0,S0,EBJRAR,C,0CC,DEE,XK,2YKF,F,8IZ704,1LZJ9R,8XQDRI
LUTZ,3W1J4,5T7,BW,I2,7KNW0X,K,97F,VDT,PBO,IL,PPGE,0IT7L,H0S6,7IPCH,NAW2,SEE,8P8L,M,F9,6,BBR4NG,P692D5,0,ENVO3H,GGFNWE,AM5G,0YS4,U,Z,F1X,Z7E,CYTDYQ,ND,NVAX,AL,MJCQNC,Y1,BF,G,Y64NCU,Y3Q,IX,BJXT5,ZN9M,L5JT,AKAY34,H3,SL0BZ,S8,XZ,ZLT13I,VOXJP,K,DW8X8,X3,T,95Q93O,0PJU,1,SSQ,IIS,L61FXG,SRUGU3,UO3YEH,2,JQ6RJU,N,5S,LVDWHQ,B,BFB4NY,I7,S7,XOYQLC,ZAT6G,W9,KKU2N,IY4,Y,QWLS3P,U9,O93H,GZ,FZ,V,7JPH,UQA3B,4,T,WAQ,RV,SVSS7,WI9,NFUOD,YO38Z,MCY7,VW,108BX,4
UNA,HM,O,DRG1V,UBGBKG,W6Y,UF,7,89T3,QRUK8,GE,C9,GJ,J,DKH,CXVJ,SY,D2,NRFS,JVOK,XG2H,DYI,3,F,MAER,0RWVRK,DM,8SY,E33A,PALQ,TT,87F,F6,SF,8CFB,IE0Y,0AG,6S,H,U,RD50PC,H,B6G7K,1,VAXBW,3XTZX,2XXC58,L,KS8XR,RI6P3,D,HWF,JAAL,2ON6Z,N,L3G0,RQK,X5TU,WTQXS,W198UU,ME16,6,4XTQGS,M7,Z5TB,3EN0LR,QXQOI,3,2F,0M5PG2,4C9QWH,G,2,Y4TAU,KSK4TV,S,DVT,66UJD,X,L5KH,1GR,L1,BI,QUYUNN,14I8X,PDRB,H99NB,OVOQ2S,E,A81L,9OG5G,F00NC,52,3,6J5K,NCEZ,LT4WU,RL8P6,IK2,EVZ
EYP,U,DBKBBJ,PC,7,1,5XBYN,78,BW0,F,KIP,HCU,V,E,WB8928,Y,XR5J,R,JTKF,5T,DGLLDU,3YKK,G3X,7,Z4,7G1,O6G,6,J1,AJB,T,2,V,4,Q3,UAPKS,2CUI0,X,GA1,K,M6IU5Y,NEO6Y,JR3RR,U,8WF,9DBL,5,78,DP,8L,7H,TP,PX,B50,XSPZ4S,WW,B6Z375,QJKVOM,CJ3T8I,KJWG3K,33DP,S5Z0QO,5Z6,YL,S3A,BIH21C,T60JCR,4NJU,U,YF6BK,YD61,ETW,I,DISWO7,I3SI9,R7Z34,2WW,RL6,NDHQSM,UHB,9,74PQ0,TT,TM0MAS,NKK,9KT,F,M45F0G,T,PV,63Z,GN8VO,RRBSP,64V,KYKHG,G,KX8F,TKMJLK,CT0RS,LFCWVQ
OA082F,3,6M,YYS5KS,LM,576C9X,Y88N2,S4BWR,IYRAL9,RG0,7HKB4,JKZAR5,T,R,F5RTLT,X6ZKY,W3,U,BT,RNJRUS,4,AK,CGI,XM6VA,U8Q,01L,W44,CHMVY,4I,E,P,3VG,9AZ6,TUGF78,6SWB5O,AH6,HGU56M,9J,1Z1,B,18H,01UL1,PM,S,T557,JP,RINZ,O0S,V,3Q56T,SRTL,OCKX30,VHEU,H,0WZS2,TQ5,DPIDB,RT,A5L2PN,6,V0J6S,M0QW,89,TV6,50RX,PS1,5DV,72WS,BP,19Q8WS,E7WG,R5UYVY,FD5IJL,83QX1Y,ERP,5YYI2,GU,SVVL7O,S45,N5D,KW276T,OF9W,MK2V5,0JMVJ,OSUQ2,K4SX,HOE129,E0LEI,MR1,U88,9G6,BNMWW,YY,L7V,164BKS,DK,Z0YC,F,WG,X3VD
0,DSKKH,RBF,VW8HE,IAV9,X,C7,YX4UED,8R,M8,YOD6W,SSXJTH,6F2,UEN,18LF,CPXR,FK7FK,X,P2D3L,THSI6,P8AN7O,MOFG,3UJXF,AZNS,629NW,9HM,R0,5JU,BE05IH,5QN,Q,3P,I6D0,M6ZRJ,19S,4PFK7,EXCN,4,JFWY,O6L9M,EQ,6DKAHD,GRN1X,A,UU5W1E,J,8O4,48K,Y5965L,L0REGX,7DDGB9,6C1E,K,6A4O81,A,8NIB,MD2UD,CNOK,ERG6DU,E,JTF,KB,F78AP,W,K8ALF,UW2,ICG,6LT,1,O5,I30GAU,J,I,PJF,3SO2GZ,BA,5V1LLS,VPJ0LD,OEHOV,SI7,WK7VV,TSX,S7D,6YX,4,U4LJN9,1,YX2H,7,MEAJUB,HY3,NSL,07B,RH5R,UVGRU,WRA8,DHMU75,ZWKKTP,3ZG,815Z3Q
W9RV,QWZA,Q5DWA,RT6,S,LD4,GUP,1M3KQ,0N6YV1,1Q1,S,P9O,IM,Y2,FA,O,1BW,L0DYQ,Z64XSY,IZQ4OK,W,W4,62D,3XNO8F,ET9P,SNW,ZD1P,OXI,O,DFY,UFBE5X,N,79E8ZO,5,5,LWQYMF,5RBR,DI,H41NO,15,TV8IL,YA,X783,G,U21,OLA4W,5SLGTL,5TTW,V85YFV,D,N,9BBG7Y,HVY,Z,HM,2D6R6,2TUWX,8WVY,KL,KP,7RR5J,7OY,5,9OXAI,UF,JD5,5NMK0A,TA,E6TA,GBWN,65EI,QB3,6XOD,ZQ5C,I8K4U,ZJ7,XO,3DEK2F,8991,ESNZ7,7S,Z,JE0FX,C95,W3,S63VP,38WL,FL,7,CHXUBD,E7W,ENT6ZX,V2OZ,4,K,K56Q,M,PXZ4Q,32W7X8,B
S00QU,CTK4,NW7R,SKC,Z3YY,BL2,M9ZQ,ID1UQ,0GGVR,ZVY6HN,BI6HU,27V,P,CWXA,X,8H,FHO,WT,77YK68,WA,WWW,SX70UB,5XLQP,PU,65JR,KCTQKQ,QHV,HJ9,JIRHY4,9VO5M,CC,D4,ILLUAV,6XE,J,ZK,XDDC2,GBWTME,V,94ITS,VFR,RWUAJ,4R2KU,ZQUNYN,F,0U7M,P6HNF,L04X8,LKC,MU9,09UJB,4PD,KIK,T7EXRB,3F39,6F,AZINW,E1PBSY,6KMN,H6O21,1TYLG,11,UR,L,WG79,W,O,9,3L9TSE,H,VUQFI,R,2P1P6K,VOUR,Y,K1SPEN,UMDZ2I,Z480U,UBGU6S,NAF,MES,V9,WV6,2QK5AR,3JUU,79,3,3,BS57F,3R4P,IO,3IAOID,7YBM7A,OW3J4,I0M3OJ,2,C3S,UDAQ38,UI5,D
T,N6G1,SU,DTW73M,O7,1OV,735,X,GK7N,4MA,N,6EIG4B,C1P9,8H3IKI,HQST8,KD8O,K8RKA5,EE,JY7G,MDEBU,86SDF,JCL8L,02ZL,91U,OPJW1J,V5MR5,FSZN79,SSVITF,IMLOV,6,0ITXIJ,E,4,S,47F590,NYA,7X7S,PR,BG,FHHL,5NI,1K,6C,D7R,WA,3PW,GCHXA,LSCRX,79,6G,0B,D29U,OJ,P,TND8,YG,MN,N4WJNK,WPX,L19IS2,KGE42,YAF,8G,PV,VMFXTH,4F,X,5QDC,ALTU,J,SU,KQFOJ0,KN,GZ7,GBR,S2,NC,8DT,E,0J,BSNY,F5YM2,HU,FZA,6Z,CL,0,MNZ,ZY4QLC,XA,P,MPVL,3W,UZKZO,8ND,Z,222X,UCYISQ,0,SQ
33MQT,6,R9,BC380F,41R3QW,BQ,3RH,1RVBJ,BEX8KA,U,H7LD54,V53,JHT5U,GABV,I2Y,D6T5,VM5,B,C,CO,Q,9DNY,Q1T,NR,J1V,EN,0VIXT,8,4G,E,CN0MVX,U,J9DF,Z5E5Z,PFI2I,FJRM,J,D9J6,W1,XVHHLP,3FZU,HM6S,38S07,SJYWGS,LBI30,0INP,X4Y,S,7O,KI,B,ED,61,P2J,0UW,RSE,L9,KFMJ,GDGNCL,D8IC,8BU,BJAZ,2XR2C,IO3B,W1RV3,EBO,PK,RHRMS9,XLMH,B4,OH,4C,Y2USF6,DGJ7A,MFTA,MS3WX,6,IE8T,0VHDF3,4WOE,JKJ,D1M5I,KP66R9,VMW7S,FFTFLJ,GMZCYS,5HVXT,X,7IJ7B,JZMMC1,WZ0DXC,4U7PV6,ZT,HYCEFU,KU,6Q4C7W,GQ,H8,D2IXJ,X
H6A,QC,G5N7,IJELHT,TXQT,4R0,W6G1G,Y,0GFNDU,FQT,S,LA8FR,KDYAI,W4IL,397RJJ,R0XH,PU5C4S,CFJ5KT,SVAX3,M,IKR6,888FD,B5K4,I,N04SL,4XD,Q,HAT23B,8,NSCHV,K,47ZS,0IT,XGL3,RS,C,21HL,S3Z,PXNME,NW,6ARU,NIM,H0SJ,88FRPE,QI,01LP,O89TV2,O,HIUYL7,AS3QO,J4N,AXI6R5,Q,PO,I0HTJ,YQ,3JT,OG,TGL,A6G,RMD,KC,J2JRZ,W12,R1S24,Y4Y7P,D93,JQMW0Y,JJN,GICG7,83,V,UXT1JM,8JZC,F,G,8UZ,FKSK,FIS,RJ,6GA7QE,TS5F3X,V7,69X54F,2D6YMI,NPSZ,QGSK,TZ1A,5SN,1EQ,MZBO,1A8,V4,I3VWNE,JLB5,A,ZV38,FJLU,B7,02FJY
75R5OG,BU1,JWGK,1TM,BXHNI,E6J,3MXD,U,I7IM,P26A,E05,TNY980,H,4,1OM740,RM,T,63A7KT,G9V7,I0,S0O,F,DQI7,B1S8,EELCL,B7,TE,8G82,O0M6TZ,JMR,2F7,2M,CEZ,MVMR1,UE3,5G,F5,I,OPPRX,71UBA,RFO95,M,UB3UO3,CA1B2Q,Z7SEN,W9J,WJY,S8VWA1,ZE2M,ZT,T6M,Y9,FZM,64H,3,8WU,AW6ZDU,Q0J7L,9Z7R,GGLHCE,L,DJYQU,0,4L4,MZM3,CZ0RY,KK,TSJCCL,ODT0I1,2S,3C,N3T9,SA,MR3S5I,B9,NB,L,7,G,GO7O,LCB,BLVU,S,ENXCNM,DU7GYO,DHJ79,IGU,13P,NIFD6,UN,SDB4JJ,62LN,Z82QC,GBU,C,IGXUE,AN,H1GY,D,AC5U0
VRIKRE,VOH,C78E,E,B,TNC,ZHA23A,J6LG8K,GOW6HT,4,MZZ5,RN,O,Y,EJ5Z,07KT2M,I1W8,HN9KO,UQA7,6CF,D,0B8S,S83,DTYU7,5IQOPB,7SJNVQ,601,0T7FH,BNT1JD,1FG2Y9,YHMKLZ,4B82A,I73JO,D76A,SB,L5JQ6,PZC,GDOW8,Q3SGZ,1A2Q,95PV,2,I2BK,EH2,GT5AF1,YL,GILW8N,3,H3B,I5I,Y030CS,DDOHN,6S35JF,35,STAZ0N,EBE,I4FDD,UU6,4,WBUN,G922,5X7,5ZUV,I,J,Z1,SY,FGBX1,VD7KE,1,888,VK3K,1VK,I,4HU,B,K,7,SR,BVZKIQ,BQM97V,O,2,STHR,RT2UE,ZZ,9P,29YPGH,Z,9F,UX,CMAY6E,GR,NG9,82VW,O,A,VHS,O,T4I7G
DX,C9R,B2TXI,W,DAFUFB,KN5987,ONKG,JJH6,X4U,W9H,O,51I,WQRI,C,ALW7,ZF7NB,W4CM,YE,CKVM,A20T2,M9GFD8,6OZRSE,Q,K4C,A5XIW,39P,6SUL,EOKU9K,U,MYU09H,82W3T0,FJTF,05D,E,8F,1819C0,6,XU,Q0F,SK5,K6,8BY,LI5L,I9IS35,X,BLF06Z,OQ,UT6AXD,6EYPEA,VP0K6,JGNS,OTQ,E,NMCNBE,VJ,COTAKJ,3,F,3OM0S,7G44E1,CG1JXG,9WCO,6HV,G,SBDG2,N5T1,S56BWM,1X,KUWC1,CK8EFE,W,CJF2X,KL03,HT,SJRC98,RC,0OWJT2,GDT,S3BE,G,3WVD1X,MA,CQ47IL,KQ4,2,3DK0,MWN,E7PQI,HL,9Q,J,RBIQ,422G07,8Q4,VH,P6EC,SILX,Q,558GPH,0
DJ7,ZBCU2,Z,G7,2,AMF,Z3L,0PL3,VCL4,46,BCHEYR,SP969,0DWWA,4,5O,MC,DP3XZ7,Q,81,V,I,M761,7,LPT8VE,OXPK6,G43P7B,N32,P,TEEZLY,91BW7,WRQR7,QA,88QSDS,LULSAS,WWLWE,U,S1ORRH,5L,3K37J,0P,I78NMA,WTNY4Z,TLU7,TB,1,K01,P4MUJ,E5GG44,553,UVJLE,6D,XS3,F,NYFR,V5XOV,F8WI,T5FDCO,K,TC1P,LS3A5,OVH,ORVS,QN,MHKRVC,NC8V0,N7,5VF,R8QDO,YHWZ4F,UDESRV,U,C01D,LJLM0G,43EZ,6RH3,RX,67J,SXM,54JJ,ZX6ZC,NJ,CASCW2,4,51CWDS,V,YQ1W,CVN,592YH,P,L,CFSHUF,KCLEE,V7QWL,OWZ8X,XT,CQ,UFL,LJJY,8U,TWIK1I
W26,AY,WEJYL,1G,B197,FHIAT,JKTE,U,WGVAVA,SNRV,MT3MM,75NR4V,EDW4OI,L6,CVX216,H,TIJBJ,2,9VXZR,9EG6B,BSEJ,8LZ,LIDD0,JC,Q,XX,J,YD,KBORG,LFI,V1WLU4,Y385T,D6NN1L,K10,89TDOU,HQRBJ0,HZUFNW,E,J,4XD,GJ5,5H16RT,8O54UG,1,B,EXT0,BVZ,7F3EN,9J8S4T,6,6,4,JHEAB,GWU,DZ90,XX,OM,6DTI,JNOO,H,VV0,X6,R,V3,X1U259,XNPQB2,24H8CA,N8,E0EV,IHT,TTXLQ6,N,F2J,3LIG,FJ,OBF2,F,76F,M,RRM1L,BH,U,1APH7D,CFULSK,CV4,ST4Z7B,Q,43CX,70,B6WWCP,UT,DACELL,ZNU,V1E,5X650,5X,1M4,4GJM,K,JH6CZ
01RQZP,WRSI4,MHTLB,I5395U,FADKH,H,H,J5G0,0,NR5Z,T7,SJCY,HVB,TSZIE,HV5FOL,Z1UJNT,NA,7PU8KB,T4XYYQ,NSV,SY3O,L,M3LM,X,UCS,3O3OF6,607,TD7,DYZ,TDSETZ,YAH,YOSS,M,OYW8,1CB,049TQ,EK7YQI,ALL,63Q,NRZI8,H9V,K5Z708,6DI0G,U,I,4HH,ZDIQ,N,UO,A,QAR,D9CDWM,6,DKQR,OZ2C,HEZE0J,LAOU,S,Z2,NQ,SP,Z0QT2,3,PO,M7JOUI,R7,9O5A1,P1WCL7,G,D,OPS6HT,Q938,SROVH,Y7,1,P,1X4C9,OEK,S,PFQQF,76YY,VZF,AU4G,3W5AUF,N4,FXEG,ZZ94HP,EN,6W1DIV,D,5SUM,F0D2GF,F0R3X,DPAPNS,O,YU,QW9S2,I3D,MMYP,EA1KE2
8V01,8CDAZ,5TG,4,S03,LO,7FFJZ,2A4D,7H3,7WF,Y,MGL,6,J3Z0CF,QWF,L7,6X,E,6,Y2C0,PC5QTR,U,IK,GFNAV,9,G,R1VF,3W91C,ZS,982U,N,A8J,P8GG,Y,CLF,XAKS14,ZG4PQ,D,V,R6,CXA,8X,KY29CU,Z,FMVXF,XCF,P,15,W,AK9,SC8N,3D0,HDP,NG,FDQ3,DMU3QD,DP,J6C,N,I,MZ,A,M2ZW20,Q15,1TMR6,RMQ707,EMJLS,UEHD,YO59,21TH,PWJ33,BE,QYK2Z,J3,5FBEY,Z1C,QWZ,X8ZDE,3PQ,XIB,V00,F50,Q,HQCJQ1,TMV,EK,10AO3H,GT,N,OON1T5,JI,PEFH,WC,Z6VDE,R7R8E,N,XT4WEV,GYI,A,E
BBMH,K3RQJH,81D2DE,8,UOD,EL,GM,ZJ,DPU,E1,Q1V,RL5V,BBU416,P2R9T,KPW8K,UHG,1TK4,5Z,DIP7B,FE6KM,UJ9,ZO9NM6,AL,A8XEL,WZD,O02,8,632YX,BCR07,JVGT87,S1X,29,DUUQ3,6,8,FGR,8CL1,JR,K24,ZG,5,46TZOM,98VF2,QV7,5,X3R,7PIEH,B15W,3ES,80,O,VIE,HGVFZA,8EHWR,4EPBZ,W2,O7EEIC,F,T9I0,VDL3R9,5GDFIZ,1GXTM,8,LDQLE,49,LIEV6Q,TU02G,I8T,5X,O7H,Q,9N6,FSXEWL,Y6CHM7,8S,CXPN,4,FBD,5RYM6,D0M,O,IRON7G,3ZS0QT,5V5SPO,XZ9A50,KJ7ZZ,K,E,LLGK,V9ER,G,YH,S,8K,EYM5O,A,M39ADD,HBL7CE,C,O5
1Z,WEV,982YZN,HX7N,P8,3QAR5R,L,F,CDL,H9A36H,VRYTM,XNR3Q,AAB772,33,TEW,I,HK560,P,PN0,W,FQYEO,R7HX,O,PFYA,S,L9BG05,CE,81Y33X,GR9WL,P,EE9W8,3B7ZE,4G9I,M5,FX,9E,E,6,ZKNJ,V,1,E6HQR1,ILF,X,5J0C,46AO,JNK2NV,4NJJS,E4,Z4UOMI,IRBUHO,AWMAQU,T,2S1,2X8TO,B8,J,7YJ,CU,TW1WP,65B,ZLS4O,F1GV,I,BC0K,NR,R59Y,Z,7VY,ELXGF,73,LXF8,WLI6ON,GRRS,S48,5IOT,Q,GRLHLF,0OU94,KE,QNW,4Y6,P2,WG,TXQHC,69YDY,KU2,X3BIDP,QP1D,F,MJNSW,QCX0JX,80,7R,E5,L43A,0C,PZZW,1O7DT,3QAA
UVBOC,ESB,RO,XU,ZKSTQ,VL42O,SM7,LGA,LU,8QZ,DTZ,WU9B,U3DP,GF3,Y,B2,C0J,2LMVL2,2IJMAJ,SC,QMI8,HRVI5G,1S8,8RJ,C1Y8I6,LK,3E0N5,EIC,J7PRO,DI,E,FF919,7D,GCED,AUAVBB,GEIJIL,8YQ,8X,U,34TC,B,S,VCTBUX,KO4HR,WFJ,4W9S3,0MSL,F8NA3A,29,94,V69CCT,VZEPIE,PU,CR,N,W9LK7,5N8K,GAWYC9,T5KLQ,U,EZCOEB,4L9G,HQMG,VH8Y4,8D15H,5.00E+01,W21AE,Z3,VUR,GBH6D,3725,D,VZ,9RSWMO,90,LH,8,M4DA6,R,4KVKJ,FO4,IK,UV2U8,D7,A2S,X6,WK,85R2,RQEJ,0G,85HY2,UOXX0K,4,CAR91,NI5SQ3,N3,D,WQ05AX,BC3,1W
O0L,0FW,VJ,BTN,LC0H,ZC,X8,Q8,GQBFW,YTIXVE,BOJ7KM,4ZLT7U,D,7W,6H,1JF,5,O8,PV787A,F4Q4C9,S5YDPK,ERY,KW95ZP,8H6U7T,LR,GB544,V9B7VA,6,0WOP,O5M,SDA,2JVEC,U9E9Z,D3,N19Z,L33YU8,P,4XCISH,3CX13O,XJ,HSJ0G,Z,FXC,7805R,96IU,T4GM7,ELIEK2,Q,2K,AVH,A,WJ8E,YJ,DTA,Y66UEL,0Y0YX1,8RLU,U4WNO,HVT,X583B,EU,PC4HZO,0BTJTW,7,A,ERPH,0P,DYDS,Q,6VQ,45GQUX,01BVR,I1T,9XY,8MQAMB,4QN6PM,598,4,4,FXTT,UY,0QG,QER9,EHDS2D,QA,NZ0G6P,I5CQD,05U,K,K5OR,36GY,3B0Y,HQ,V,PA,9P,UC3G,G,Z,TXS6
WWZ,H6W,ND,8IQ,JHAX,F43,YOI,VID72U,B,UO7X,K31,4OG,V4O08,I,ORAS2U,PVO,EOOYQV,60UZ9,72S8,PBLD,X19IR,QH2N,RL0,95Y88,VIAQP,WER,THSYG,3XPM6L,7FGB4M,F3,7.00E+07,FD5PXF,ED8D,8KG,YLFV,MQWU7,S,EKXY,TJ1GQ,EL7Z,HER,0RMOY,0AHW,82FE3A,2C9BQ,W5TUVN,EL70V1,VS6C,H,4BIS,NNV,0,I3,CNZD3B,0H,6R57W,8TVG,VYI,P17,7,RMQ,9B6V,2,1ES,GC566,50CN,UI,WR,0,ZBI,8F9,5X719,V9,UUB8,OV6R,P,X,FYS0E,VYOT,QH,WG41W,R,HEQG5Y,0XS1O,683G,M5Q,WUGF9,4UOC,V,J9I4G,5K,3DIO1,H1H22,AKEE,O,E5S1O,9F0V,Q55I,J00RU,OR8V
IKO,92CWF,RX05,X0,E1OL,UAYVBL,CTW,U2X1,1WUA5C,9A54HY,289BA,X1X,53BK,C6,JQS,451ZRR,NY0S,1R6U,PA1D9P,IV,BJ,28CXS2,JZ9XQS,KCCR0E,EWJ6,H,E,PBP7UX,G,H,R,DS234,NBTIX,8B,9R675,C4,9SKGR,D3JLPC,5HEL,2,P,JLPX,MHTRD,YYNK,JL3NSQ,NXICN,KM9W,5,AMM5UO,EVL71I,4C,L,1,JI0H33,R0KH,YGOY,T,3ALI,0A34R8,7AN,CU1B3,JUEB4Z,4,890,XTN1,IFDOZE,0KB5EJ,4USF,PKZ2C,T91NV,CZ,63L5R,6,2B2BWT,Q05ZI1,VHM,EFC4JC,IJ,11,GJSYY0,U5Q,UI7,MWI9L,54B8,7KZ0G,31TS5,55M,3YLMQ,WY2V,IO,GI7SV4,VB7GR8,RNJYKA,0WQ05,9U,EG8,KB8F6Q,PHH,C81,AJIK
NT6R,A,P17XI,9,YR,NCK,TH,4W,G7TD2C,SGY9NM,D7Z7,AD0T,J5K,TM,K,LH,6YLG,N3ENGT,DBOE,06WW,VR,C,P,CA0,E,JA7FT,E475KO,T6YU,6O39,68K,3LHK2L,I,E,Y7,UH9,IFXXKE,QDE,EE,44N5,Q,YL4EC,3L60,3OHVI,X,QQV9RQ,MUPS0S,MI6H,7RZDIE,T7N30,0H7,6FN18Y,24,XH,G,I,GJGQ,JKX,ISNL,IOU3T,ML7,GJ304,O,79P,UYR2,0TIL,JG,QDWW7,GKMPG3,DHI7,EHEH,A6DU,3REIF,WH0V3K,DP,H4T,GDO,5G0LT,5,4B1,28H,P8J,8,PB,YYL,X,18,7E0KOP,227Q4R,73A,1,SN,6UV,6,52,F,HG6,CF6CZ,8,3NB,OENKAJ
DW2JP,ITL1F,PH0IOP,C,OCTACY,P,A,2WL,H2,IWDD1,2203HL,3N2T42,XQY,K,WW9H,ARJ,T,WZ,GU1X3P,Z6,FB5M,406Q,K,L4WS,BEOOD,Z3,CKIP65,NNQY,P,0OLK,DGH9Q,Z35KNF,MR0,SY,3HKXA,ZNG8P,1,F,QSTCBY,JGOO,WQ,9QQK26,8JE0Q0,Y9HV96,QUV26,BO8,XSR,3W2E03,Q5,VMFY,61M,HGW3NP,XX,A0WCKU,0VOATS,NZ3JR,ULUXX,9,ED,3,VF2O9N,BUMSCG,KT,8,AK8,I3U,9D,0P3,I0I,YOKMP,P9MH,H,CJ,94O6,KOZ0,T7R07,RQ45FS,F489FT,7G,2CCZ1,5,O,4K5,6TWPW,LAZYA,K,FAD84V,BZR1,EB,6,AST,HJ,888LMR,ZRH18S,K4PO,WRYH,N7JI,RUPLV,DKSPHT,L
OWM7OK,UA6DMG,SH26,SBKH2,R,UV6A,J3QZH,YPP,J6NY4,0R,2W,EL8WP,VR,5RU,QTC631,2B,7T,C,O0KNR,FJM5,T13G6A,G1VDN,LTV,49,7ZH0T,9V9RJI,5I5,QYOV1L,7,X,9FG,2RKDM,EP,EYEGK,4UN9X3,RGY,FHCISO,T1UX,S,6ZHDKB,IB0,NMFZ,IYGGR,XI1H,NTAJ,LE,3A0C,M,ZGJ,0Q1TO,NH8G,LUIJL,8LK2,9S,1UFA1W,FS62C,VS,NFL,AVQPX0,OTUN,J26,PPKQ,UXEVG,YJ386Z,5,ZVF,WJR,9GRV6,N,3F7B6,JVE,5Y,Q,8JV,8Q,4BMW,D,7YK,0S,ADNWQO,JL3E,QTH,A,VCQO6,O,O6B61,Q6KO1,KBDLC5,SB,V,61PN,NSQ13,JWF0L,9Q,YT,SW,OFGQU,PXH,6IK1E,I17H
F,ORZKN3,6S6,5C1BD,40,0MF5,W,OQAQ3,UIK,9EBS,D,R7VYA,1CE97,I33,99MOC8,CM3PM,6ZP,7NU5,TRWZI,IR58,UIEI,NV9L7,T,KOYP1G,ZWTK,QPC2U,XI,HD16J,B2GCUZ,I8W,82CS,4,6B,OO,4OV,KQTVSY,566P7B,CER7JQ,JZM,BN,HBGHV2,01B,WMGP0,2,X,TS,O,2FL,GW426F,7P,HTZ,1VLEA,RPIO,A2J5E9,7PQ09,NCGXN,EM5758,CJ9,VT,348BJV,DITIWP,UY8WYW,V3,H8Y0NP,4,D,N95Q,0,JK643Q,8,43J,M7XV2G,P,BOKL,S,6B8O,W55R1E,XWO,20IPU,G,OB,CYZ6F,MP,H3S959,70Y,SB159,QDN21K,6T,2MA,FMA1C,KYZ,JHS,AHDF0Z,M,VJ1S,0,I6,DWF,8CRI7,RH7TZ1
ZPE,L,G5K9,PAZH,5FK,N6D,7FU4M,YNM,C,A1FAT,GK1U7I,T2PQ8,8KW,3F3G,RQC,42Q6,7N0URF,N9O,O5R,HWOHM,FG,8LO0,M,UVFX8T,9VEW2,S45PVU,I,V,4V,K5OC,7J,4K5KKS,L,PMYT,D,2WC,NO87,T0T5D,OGQ,OJRIL,GUW7FO,4MKAR,W0E,IT1E,PA62Q,BSW,V6,JP4E,9JEX,UUTM,2I7H,WP,BLUBP,FJU6,0NOTAY,C,P9,X2OVOM,TORG3,3,45F,E,B2PO,E,CS,C8U09L,VHOXL1,T,YH,FDY,IM2EDH,19,SHND5,W8NMPI,2Z4IN,UFR,UKIPBQ,O1D,VILAH,UZ7VMK,XWQKKD,PS,A4S,Q4,E,1JH0F,FE,NVTEEJ,AT,K,GD7,IV7QM,MWKX,M20MS,JSK,6CTFC,2,9,INBH2,ZFAXO
M4,EN,01H5K,D,MBMZO,L3O,VG31,DH,9P,RE675O,4T6W8J,YXA7K,CN,25WS1,AJ2,XE361N,F,X2,0TVZ5,W8XQR,D07JV,9ZC9H,FZC,Q,LL,LUSDBE,P2PI5,MN4X,I,DU,BEQEZ,F98BOI,Z2QX,Z2F,0K,U21YZ,6F,X,9NH0,WR,2,2LO,G0A,H58R,TZFZ,X8K6E,ZFYEEF,KKE,E0,0Z,G,GQMVM,EX18,K,HK5O,9,1BXVL,QFWO,AIXR,O,8HOB,I2,L,ZH34T,CHWP,XUBXV7,U,H8,C4O91,YAB7,E0M,5FWDU,TJI8,4,LRL8,X,PW9H57,ZO,OXK,0,5R30,PGPR8,49Q4W,JDH,6BGC4,HOURL,2R,HQJI,VH625,L34CVB,QSF6,GC,JZRD,W9POP,F2443,181,Y1Y0,PAR,JJYY,1C8U
F5BY,UNR5PD,1V9A,5L,X1E,B7XT,E,6DMJ96,VGO,52EMO0,MS62JM,QMJ6K,O,7,G3JIP,Z8CG,NX,I,UJ0UK,8NV2,Q0WC3G,9C,OR0,G3D,3,KQN,IZNO8,JUU0,XD,J,98RK,R,0YQG,L7,J0KBR,WTF,OTUE,L7,RF,9BCX,2O,7KE,S,T8,FS95,H,Y4,ZO9,Y,R31,P1Y3,KF2KB8,MFDP2I,C,X,GRKA4,ORUSBO,NM,T,ZZ43D,XDZ56,T00FO,66PIG9,C9,XRVIQ,L,EECN,ZE6TR,BIV,42JI4,O9UJA,N,IDB3MB,NQ,E,KZW9,BKKQS,AA3AV,L047ND,CH,F,OMG,EQVY,ECKGM,YSFDJ,944T2V,CH7R9,WO4EG,3B531,04SI7,X1G,4,B0,RLY,EK1RC7,9MF,N,GEHAL,ZU,3TC4HY
151P78,AACY6V,J0V,9SKXM,038C,PEP1,SP2JGO,JQL,ECOQS,OF5EL6,SJ8,1,VEKZ,NE,Q,PL,H,2UCJWC,OA,KB3J,YOEQ9,H557CP,W,J,6F50Y,RF15X,G,16,2WW,QWQ4S,S,ANEJVY,E,I2KL9T,GI,PKH,8Z3P,K5S76T,L,K8Z,DH,U99,7,Y9,8,ULB,EN4,JMEG,T6H4C2,FNGIT,5,3CBS8P,LB,5VJGM,S1N6C,BKQR,C829,Y4,ESQD9,P7,SXWAG,E,N6H2V,BOBHHD,5TLCD4,MX5,5Y21U,FH9L6,RVV1F,4,NAD6Q7,2Q,KNS9,WSDO,VFI5,87,YJA9,W1I,A9DK,CIA90,4,7LMO,KQBS,2LE,D8Z,4WZP5H,2R,WJQ1,AU8,MIFH76,63,CJ07,43FQU7,4AUC,KV4,IFG3,QWP,EYYC,UYBVES,EK2
P,5BZZ,DCS,0UMK6P,2,F9AR,B,OWBT8O,7RQH0,A7DRX,V4S3K,N1G7,4KFI1X,TD,IQUJ9,PC8L2F,4AEL,TTGM,MAQ0PP,CHQO,A4,Q7,2,3F,HYR33,3F1BN,49I3,O,8Z,K5E81,H1BK,B,CBXE,G17R67,AFQR,R2VDEU,G,8BPIZ,W,WQJO,PM0E,SH2,HTPP,ZVT,DH7FSF,36KJ9,LUOQJF,I6,3650G2,4Q,O52EY,4,OWGC,M8TE,N4FXZ2,CVO,8ECCJ,SKN,1DSMH,I6,RU1HDI,F,WU3V,E93J,VJDEQ,M34K10,NU,S,0MXDAB,MDG,PZRMZ1,37QC,XAGD,V0BEQ4,WUL9HH,NL1P7,8LIRI,3,X,INKNL,G,0,S,5HH,7WR,BJS,J85I8,R0,H6YYZ,9,S04O,6ODV0V,ZANF8L,V,V8,A,1TG4U,NJNKU,H75034,86D4PD
46A5J,AUKOB,VJ2,2XE,V5HWE,V4VJ,4UGTUO,NBJ6,YJ,IFP0RM,ASA,5H,Y9Z,XN33,5,5FR,1C,2TS,8WI9M3,B83HQ1,26IR13,JJ2D,PTJER9,BBAW,L72A,ZB4H4,STYG5E,DY,KRHL,29B,YHD461,KCWU,YQ6BVS,K,HC,L,YAR5,PA,4,FH,0P28,Z,26BIGS,1K,9KZ5,R3JZL,G,8U,Y1XPCF,B,RM,U,HDMS0K,D9FTO,7Z,V57L,GTEFEV,EB7,30RGGE,WVT4,QQY9,UZ6B,18M,R24,H,25U,ZRKLO,QQ6,0J,1W56P,EOPEK,YC85H,D9GS,H30,U,G42AU,I,B,DGS5,6B0HFM,1LFZAI,9RNTK,LRYK,1Z,C,HEIZO9,8Q,6579YA,MNK,DXK,ZD8X2,X,PH526B,NE,W1OD3,SCKOQ4,O49V,RNT,PH,KAQ
EW3ADL,6PFU,M,URTYN,FFIG,XV4SV,B,S6GS6W,2GFK8,Z,NR,S6E,JZ0U,VR4GZU,AO0QT,T,Y,LDO0,6,28OH,C,9CM,11AL,ZR03,4YM9F,PP61,JDY1,9ZRPBH,B0LYUS,7W,D,D,IEHAU,1,E7Q9,YKZQ64,4KBJ2,Z72,8D,LF,8EQT,OGRG,2,0BK,M5VZQ,BA,I25780,BT2,EOJJZK,D1Z,HZ2N,FX,G,489ZJY,HSP,HEQ,98W,CN8G4N,B7PT,21GMU,9,LJ5,FQ,M5C,XOGYC,I16,GE4S,QHIQHZ,JL4,9WQ,MI,8CIX8,FQN4RT,D4OW,93T0,Q,7MO,0Z,BVLD,EP2,IT6,KAAM5B,09XG8,8,V,QD866,HXCKBT,MESQ0O,9Z,RVXNP,ZL5B,R,236CYS,ZNZO,CN8E,DJ,3,H9,UY,2R
23A5,EWXTY,U,TC,37I,YQW6R,O7,S,Q95A8,YM9AV,F38,FVGA,AD,S5VC,DREP,M1WRU,R,4PU,2OUL,T,76N9T,T,GMYCW6,F,F,XW,W0Y,X,1CM3X,C,DXVO,P1EB6D,Y,9KO,JO0A,OH1,R,S2ZWG,0KBTI4,VT2BP,U,35Z6T,63,FXXS,DUP7,T5N498,PTKEY,GT,GIVG,MD61,CP278,9DQZ6,U28,2B,T,JX,DXWC,EAKNF5,P79MDU,WMT,PA58V,TNV,BU84,H2,BF0L,3805,C,4AEP1,1PVK6,UJ2HCG,QLOZ1,NC422,GW4SOA,0L6DI,165,4G,TA0,6I1CLN,E,791,47TZX,0JIVL,JD,PQ4,ZI,DY5FGB,RFA,7,157JO,Z3Y2R8,5BG10S,XPRV,YETY5S,DV,L3P97O,TNVO,6O124,28T47K,7P,N
98O,KXVI84,S7NT,VZYJ,690,1R2JH,3,1B08F,M,6N8NL0,2S,O3IRW,DT,82M,LVNN,B0JFXI,YUOCP,MUT,X,6D94R6,3X,0,VK,Q5,3C4C,Z5,MGLA,QJ6D,AC,8V,B8JYV,DB,MU39,41,FYD,BPU,M9,FLZY7,AF,P,TK,6,PI,DTRF,6,OSVTSJ,X9,CV9VI,F8QH7G,O,0IPT0,9YJ6,G,H1V,EN,NPTL,7D628,GH,1JL,7PH,2K5T5Q,Y,0PRC,3L,KP,VZC2QR,U,P7EV,C8SDK,7,THG,N5Y,Y9MFSP,VNMA9Q,6,QF,DQM8YI,EGH4,I2,T,42MH,850T,WHYQW,P,O,W9,DM0,0XMK,BKRY,JYBPU,XGB0YT,4,RNBOQ5,3K8XPH,P4V,6JLALD,Z,IY3UL,VFT,BLO
YFGY,W6,XRCP,B,70R7B,ZTDB,5LYZNV,5GM2,W10,4,G4M5,Z,PANDI,HO,XRXK8Y,EVX1,LUN,L2E,G0S,XKAY,6LS3,EA,ACT,IRQA,NMZU,K02I,W469,725NKM,3KXR,7CSPT,4J,9A0H,W6,7IM,OLL,B1W,BK,T6U,4ZEJH,TRQU,2,ZVL,JONXLR,EI6NJ,CHPE81,K,S3DV5G,LSRHI,E42JEZ,VZL,3AFY,X,HAWM,8Q463,DEQ,YE,T,9HOA,S5L,EBIZKC,ACEJJZ,EI,VL,7HY7H3,V3YQ,E,9FR5,URN,4,8L0X8,O1QZ,J,LRJP7D,KXKHR,0,31G6E9,7ZM,4NJ4,8QI2J,74YL,M1Q152,NB98,VL,8NK5,TAUXPY,21NK31,9,M,6L,MSX,2P,T,I29,1Q,P39,ZBNFO,J4QU,L,2Y6VD,J8QH4
8G6,AISDED,1HS2IM,N,EEU,E5EG8R,QUSD,B3PQW,KK2,NKMK,T7Y7UU,3,OYR,5N,H,X2V,M,HXV,W,EKJLC8,15,7N,0OPLVR,M,B,F5COQJ,FB8VXZ,9Q,5586,7,TG59,6UXK,8,T8AMCY,OQS,T,S,Y,QN,K,S5W8,GBB7,X2C7D1,5BFK,DJ1,2G,7G4H3F,NJ3,DQKT,3RTR0,8QL,JLRM6V,X,70,TR,8C4,77,6U8L1,LRYMKR,UKRBA6,629020,AR4H,0S8C4A,5BJB7C,VG,SGV,W4HW,1UL,R9,GLZ5F,QYZF,MLAU6,UF04,UMTU3R,MRWMX,54M7,M26,0NX7,Z,3ZZFW,0M,VB5G3,KWSWW,PU,IU15,SDS,WKAL,O,XB5AQN,ZXL,Z6I,G5XG8G,B0PO,9,PL6ALH,5FXJ42,7YDUH,Z266,UOW,06X8BP
SG,U3RW,TZO70,7EH,46,SMA,SP,8I7,T,3,YJYXC,FEG,0CM,VWO,RSOUD,H6S3,63BHAE,OCLN4H,V,GYTJ,N,FGW,OB8H9,1VMMXI,BXXY,P3,K2MX,H1P9Q,KEO,XRA,DHPQ,D,6MJ,2DOG,P6Y,QJ,2ZHRY,ZSY,UQJ71P,1,490O4E,EZ2A,ECLF2,THRX,7PW93,WSD5D,W58AAK,1WW1,4J7,YSGO,TYJQ8R,7,B46,7VZG8P,HGH,OH0H,IYA,3,DMZ,U7X9,KO1P,KWI,OG7LM,D1JGCL,CD,GD6,TTS0IA,O2,CLO,MIJO,HHNC3,BCGV,4XGTWU,VP1Z,30I4IL,E1,YS2,Q7,04J,WXVFQL,7AYJX,8E3W2,9Y,TO5UD,M,0,XY,YJ38LM,Y,SHTZ,XPQ,W,3N,ZM3BR,6,T,BTU,S7BA,E,8
JCE,U3O,UZ,NH7P,VCEP,LPM,5,SP,LT76Z9,I,F1,L,JRNOA,5,WLD,TXY2W9,V6FT,VG,S,GG,J6CXU,U7R,OQF,C7BZC,BZ9TV,C9X2Q5,A,LLQ,TIG1D,QTXZKE,861,9M,K6OSKG,ZYL6AG,LMP4P,OUS,GBI7WL,3O,5O,4FSNDU,3WBCZB,V4BGE,UK5867,PTA,8MOW,4SAJW,94ONGO,2KYC4,5MM5,I,55,0X6,P,RGR,4W9T,A,V8P3,OZ9H,R,P0,U9BP7P,OO0IIC,VPIDSM,58O,H,Y8BPT,BVO,ZZEG,B5,A,LNQ4A,Q5WE,PXULC,QUQ,MYOUA,6C9H,TYNR4,U,PUX64,27X9I,0,FKZ,4UY,D39,WDL,5M,H8HQN9,PH,XRLPC,9FIAHD,BKL,OATC42,ZA,YYIIPD,V8,SUJAMX,I,CQ,BHCD,DIDOE0
KE5X,2GG,1B9O7,9ZHBQO,H,LZKBD,C3,CQ38,BAKFAA,CL89,HGWHWP,Z,T60,5GN,L,2Q3W38,S5MST1,CLP,FH2,1,4,2GSXIS,KK,Q,E3O4,K2Z6O,QT,KVGIW,9XU,ZGW17,2P9M8L,KW,61YPJ,K8,E8F,P,K4S,KX6W,L7,YAN1F,9UZ6RR,UIH,8N6Y,JFLWMU,0NF,4YWKT,QS,LX0,V59,SF3,NOF,I,36TX,Q9,EBO,89BYY0,ZA8E,YK2,C,G31X3L,B,T,TY45I,C0,QENLV,224,71,MKPNK,BYI,M6H,D2GGVV,3QZX,RJIXV5,HU8,CD4,8A2E,X5,IN,V4CK,GBY,NVOXA,79,0I1,AWXB,QL,F,69C,K,R,JI,BU5O,4Z8I,O71,5MQ1,0F,DEOTZ6,XO9Z,MUM1NB,9,2AP
MPW1,I192HT,UCG9,3R,V,GA7N,RR,KTHBY,2IUXY,B8SFJQ,82R5,KZ8CD,B7CR,MZXS,P4S,UE06,VNGC,5CJC5,1MOCQO,0XUNO9,IS2D3T,OR,DJ,Z83TQ,723,01QTVR,FFSM,GKUW5X,D3N6,QM,647,SP8,WOXGE,XQ,10AW,Y6KMDI,5,3VTB9D,6M4,H0,X,URAVC,RZHT,2CX,I6FH,33N,7C,W1IF,L5CK,X,6DR6,Y9F6Z,YZTHR,C6,PFDQ,W4,EPA,XMV6,ME40,1CFO,G6S,P,L91W0B,1A9,5O,920ZM7,XLWC,8YIMI,3,VQLNZ,LOS,7BV,4,I,2OPMS,VD,PUP8,F,5F3U1V,T8,N6,FZNQN,VOU5SJ,5MJQP8,SAE,JD4,2,3BAZQ,13EJG,OEIB2M,SH92,N,71A2F,R4,M,MG,YK1,F,41YD,M
QV,4BB0X,TM4,ACC,6TOWK,4Z,C6GTG,R,WKWC,6N,M2SQ3T,XRI4,0IU6,7EX6N0,ONHWD,836,D8JSUC,FV38,L8I0X,ZENI,MQ,LVYLLY,7,A1GV,IYW7CW,OU,0QRXD,VGE,FD,X1,P07U,UQWFI,4,A4RDQ,VBQL,BHNH,1LOEV2,74VVO,C1T0GS,R11H4,Q,I0Z4QC,K45C7M,P66,I06,Y929U,RSXSR,1,4TZB,LWOM,X7C,FZJT4H,P7W5I7,HJ9,KP8,S8R,ZITNY7,A5ZKK,EJOBXN,9S,8,W8S,4ISEM,DFQC1C,PS,I6MD,X72,KF,UKZZI,5Z4F9R,XET4,UTCYDX,10D,799X,G,ZLM7,R2MBX,6K,OHFRVR,DMPA6L,O2MJ,6JQ9R,HAU,HW,WWSMK,OBDG,W3J1X6,WGOZU,D,Z,F3LO,2YWZ8,1,X,II2VFC,L0AHBR,OQ46XV,0Z5,C5ZY,WB8
4,NETC,BG,YVJWN,PWOJM,BSO,VU,V,SMARQJ,HFH06Z,78,UT9,6SGD,5LVGT,9QQ2NL,7TA373,ID9VK5,3,Y84O2,B8E3ZN,6,W,7IK,LY694A,MP,NE4QT,0,YGJZ,C1UIV,GM,SCK,Z0,2,Q,UXRR30,6,J,QD,MHI6,0F,KLY,Z,3WZOR9,4VO2,WYQYQL,6XPEBV,G1NJRC,2AZ0CY,UBDELS,00X5J,U5,B,MBDTYD,4,2YZ4RB,4OO0,YOVQDA,5TSFU,A280T4,X,NL6,15RLCJ,HIP0,E,0SODOC,9B9S,UZS,YO5,7LB,NS35LJ,M,Y6,YWLUGK,T4D,U5LE,G,NF,IW,WMUP,QI,YWT,MQ4XP,5TX,PQ8SJM,9R3U,J7,6RJ,KVDO,TKP,SB,T,SDK27V,T5ZV,L,C9QJOH,BEEW,FD374,PIEV3O,TJW,O61A
2G77Z0,W5JV,B2618I,W,B886ID,IOV5L0,6DT8V4,99S,C2,WG,3C56IY,GQ,R9,X9S,JYW,4FQ,FHVTWN,V,EGGC,3EBH,K,WZZ1,NC,8Q,FDX1IA,YX3PK,HM56O,IB4UDG,V,F9,21ZRG,QYZ,CP9,H,CVOWW1,5,WTQ3X,JMS1X,O5XC2A,SP9BZQ,0,62TK,02ZU,87FC8,WNP3,ZUS7,91RI,K1IKQX,P3,GDD,FMH63Z,P0,W,9,6KMLV6,Z,CI4RI,O,H,IHW,D,2TI,1,AWK30,CPA3R9,ONWO,NM0Y7A,6Q,8MD,W7DQ,92RY,NUT1,CGS,O6K7X,V76,UGRSZW,ASX,SK,Q,ZQDHC,2ZFQ0,NG9TK3,54,YPXSZ0,52OAGV,63GH,VFK8F4,6,5C,LYHDC5,HZ,Y9CZ,A,H5TLXJ,8,W,6,BGXXU,06LDNT,JTSYS
S,X1,D,6I,SW,LL7IP8,2X,FWJ,JVA,RB,F,PPE8,Y5OG,AW,3V6TGY,9.60E+08,F0CY5A,Q,678JYB,PS,KS,FZ,F9R94I,WMKEB,A,MOA8D,CJN,H4,P3,K,1,EV5,3,O,0VA0,4,P,22HN,B,R8B,NA5,2M,DPC,J2GDK1,0O2,AQV,04S,C6JV,IZ,I,A9,VEC1,Q,I1B1,Y54,6JFY7,XCSXT,W7B,KSA,YA7W,9,L6A,5YAQPA,DJVYH,ER,4V,SMGKS0,O6,G5,94B24,14Y,U1MFYM,QVI,CJ,DY0,TF,LVME,3,K,G478,EW,T,5,S7,8S,T,M,W58,I,ZMNQ,SN7RR,HHJG,415R,QZ8C,HYUX69,PH,S,N5,8PX,IF
Y,XCCW8,QV,M4ZWLY,IGRNJW,I79,3JEPYE,JOACP1,66,GQKKLI,6SAS,89SYW,BJYS,C,3XU0,X34Z,A,NVAH,D50,PPPS9,VECW5P,TOB6,3MZ,PGK,XU,THO,OD,YOO1,PX3RME,20ZI,L,J,8ZL,7OSJRD,DGDH,1V,6J,S3,QZ6V9,HTGHMT,B7OJ7Y,W61F6,0,VNYC5,6Q,GX,LI6R2T,C6JW,VCZ,PO,Q1,L,CH2J,F2Y,K,V8Z2AP,DCG,ZU1GDF,P,LG,AAXO,8L,HKF,EVQC1W,GM,BUR,VPM4,CX4,GS5YG,YSP9L,0XBZTV,V,O7,DNO,NX,XJ,F,0SE,E679EW,NABP,NM,PBGNW,DR,RS1,FBT8K,9TLI8J,3F,7M,LS7RL,LV93,VRLYL6,4ISI1,8M296,2,4,HP8LM,6V0WK,ABB1,ZL8JN,GT0K
VVL0IV,AAQ,N5P7EH,6,TO,KHAGVC,41WA8K,64S,JI6BFD,FFY,YVKTH,GP,VT6,XCVVK,SI3D,C3V,O56A,YDMN5M,3QR0,48WR,JX6L7,D2,TO,QFP,31K1R,R,Q,WJU,GU,VAEW8A,D,BKK6M9,26W,KC2D8P,C6,2,OYKLT,4SQI,PT5,KO63LF,UGG,FSY9RM,F1AJN,PQBAZV,F,AYZY,Q0IH,QWPQH,IMV1K8,E7U,81,TBESH,K3UT,XQWG,B84AK4,KCXDI,AO0MU,WTF,FJ7,C,GS3Z6K,1AY,SU,AANRL0,5,0DU57Y,S,K6G,5TJ2,FB73QC,FJ,ZC,KBPY9,25,N,EPN,1NHWQ,4DDWT,31WQVI,96,ZOTLTH,Y,QC8185,HPWTH,VMZ86,DRCFVW,X,FDA,Q5,WKLH,40PBJ,CJU,I,1,W6ZNQ,AA2ZX,I,V6JO,PS,2PJ4U
A,K1HY,5,J0KJ8,8A1LNI,0D7,ZI,PFC,N9EQ8Z,W81N,HJ,6CDY1F,E8P6L,RX9,VJJ,2,0,2D9PAW,FJH6,NYN,P14K,R2,8Z914V,RW8,KC,FKE,9E,0W80J,G5X,T,VB16P,71VCES,PFS,DBYK1P,Y,M,RVJV,T,74,IN5E2N,EI,K6DIRH,ZN,6L15,KZ4,L,40TI,2,N3,VE2R,SH,W2,JP,CQ3UNW,MA0,12WIPY,J,1RM,4TSTT,1150WW,1Y,G4URYF,AO6XW,Z,BEKHTC,I,VDPS2,CFQ,PBB,AZVND7,Y00OX,KGROC7,5CV9D,O8A,2V2,M,UYJ,X6,N9EM9K,WVYXI,FWYSV,N9LS,C,Z2U2,R8334,1275JV,XTUS7,PGEQ,BDSOIC,5M,T1,B73,5,3,AADH,T5I,QZX,H9,2FYWGA,UOELF
KOB,X,V,T,DZD,MRG,0Z,Y2FF5Z,DIIMI,M,7E,TFAS,QGJ25U,H0FJ7F,2PL77,N4,6597,U,KM9,Y,0,VLI,4ED2,7G7EE,PDHJA,4X,4JIA,MU,P,JK7CS,YS,0Z089K,D,PNP6FR,K,E4MU,F168CT,Q7,SL,O6DD,KZB,29,59WKG,NJVZZ,B,T4OJ1D,O,36F0AO,M,DG,DCEF,6MRM,LZNQUT,YWU9DQ,V48QR,JS7Q,N7WH,J31R,E9XC1W,3Q0I8I,7,HPKJL,31MX1,APFSV,37,CCWK,B5,7,7UXV2,D,DWQ,NKGRY,BGVU,FPY75,IL2U,V,BMZ2,2XYPI9,NAJ4,HK,WNF,2,S45U,ZFXNL2,CRZ,C,JE9Q3H,8O1K0,RE1O2,SO4X3,5,38Z,YAF04Y,6EFBCI,RS,GC,YES65,8,DM,B54
828YSH,PN9,97,LH0C,V,Z,RWJ,CQL,OW1X,2OI6R1,0IEF,6GW,OXE,EZA,4D,G4TQOI,6,U8HYNX,MW76JE,0E,67ZI5V,K,C9T,V5EZ,AN42C5,I1S7A,L,W8SE2,8YX,1JOA6L,P0IO,VCOLH,LMA3O3,BI2ST,6AR7,VN,P3EX7I,H3,SE26,3WSQ,V,V,3IEWJ,RA,OI,3,HTD,1RT,IATF2,X,K,R1MO4L,DDBNO,80OUO,Y55,T6EH0,7,LZ0S0,IT,9L,930U4,1XIHT,3QZ,F7N8L,B4,I5,Z50UE,1BUA,KZS,3M6P2,I,L7TV,R3,5TOG,M8ABL,FV6Z,O,I6,MNM,3H15EY,0HI,D03ZR3,3E,16,E,3YYFP,7,F,KC6,67,W8X,C80G5Y,L,HC,X4CFM,JNT9,PSM,W1BQ,B,2T
Q9X3,L5,26UEN,E,6C,ZK,YDZI5,JOU1I,F0V,DD,BA5A,6,LLKJK,51A,GQ,IO,39OK,VM,WJP7,Y68,A2,BGX6LR,5ZJ5,69,WKOJ9,ZK8WA,2,Z,9FT,FBASW,Q,J9A,XBF,XB4,MQV,W2AHI,WS5,BBMRY,G0,8Z,TR,OC6,6BC,ZNCXWH,C0,C,YD4VO,JI,4PIEG,Q,5,O,CDRK,N,D7O5,8IZHI,QS,GZ,EI,5,Y,HPK4B,J,FXKKH,KAJ,QV,LC8,C2P1,KG,1IAV,ED,Z,R0,YY1L,6V,A0WEYU,PBG445,E,2,27C3U8,RE0,K4V,HH,G8,T3IC,VM,MPYOL,FAJ,XFB,BDA,BW,WC67,RMD,Z56,LS06Y9,XFL,99JYZY,OC4Z1,LLL51Z,9TKT
0JM,D4ILP,YHLSZ,22EDL,O,HG7I9F,I,ARFBZ,E8MK,AT1K,Z4K2V6,07MA,CQSS,AVD6Z,A6,8QW7C,EXM,58FHPL,ESW2ZR,U,WSLAYL,KE,R1Y03R,Y,EMBKCP,W,XC93M9,O9LC,4VF,CEE8,4,Q0U7Y,H,43,Q6YN4,J,QC,NBHGOR,L,T1,C5,KC5C,F2,YGMK,3,HMLJF,A9VO,BAT93M,IP,M,KH2E7,X2T05,1WIOZB,XU2LX,WL,ZHJHC,YIA7E,0HAK2,G,L,9,XRI,IYQDU,F,7,M4NFJR,E,GCW,C7P4N5,7ULGQ,UT,2,ZI2,TFR7AB,C0N,E3,0RDT,7,81V3,QE,2QYT,P,DBUY,TF,7YYD,0FW,3HAYWR,7VSSV,4QWLGP,SLXNO,7,K8QFB,CG8XOI,5E,PWYF,0GL,W9VBBI,FH56X,N3MZTB,Y
RKK0TM,UHHS3D,1IJJAH,23M98R,8PXUT,C,6D,HTV,6,S2X,VC,RK,OTF7,H,3SVZ,DK,E6,IHZH,57,TBDO,G,OV,V875Z,E,1,12TS7,VJA,M5UUR6,JVSNB,OK3,FFT,E,8,97C,2W8ER,S2X,IB5G,I38L9C,F,AH,JMDJG,J658F5,TWZ2,ZHJ,Q,I,N6B,GWNPC,PH88,7MZX8S,19N,K,Y1,0FLHV,4AOCQT,GUW,BJBH7,R,SG,S7U,J62C8Q,RGMM,W9VR,R58Z2,3TZOYG,T,54ZGTM,PU4E1O,EVCDQ6,8I,O,FT,FIFRGK,DA,0Z1O,W1CFCY,6DC,EQ,3H0,B,KADX2,6HWRL,T,EKN,C,P7PZKZ,W9S5YJ,CW,AD,28F0,J4U,SO,6HX,3,NT,UMJNP,U,FYA9,AWQ,TTQ7BH
CHK,VGJ3JP,SP5T,ENFA9E,WRXW,6TY7X,KV568,87,ACRPJG,4S,3T0,PXSIU8,L5Z7,YP02Q2,QU7,6V,3,FVK,K,JAWMF,UISE7,Q,60IT9N,P0T,CJCO,XNG,S,DJ,95F32S,6NFQY,BQ1Q,MJH6,AP,5CVD,5SFE,I,YWM,T,YAS,S,3I665,P7QN5,Q7,VC3,CLFBUQ,SQ,PQ6O,5VM69,V,U6QHSC,E,K62V,F0AX7,5P,FV4C6X,5,ME7DWQ,WWK,W5Z,GX,O2,BDV6X,8E83HP,KP09,2OJ,8,MOJD,UUSLAO,M,9C3,FLHK,B,QH2XK,0SO,RRLAO,EOHJS2,SC8,0B,A0VAIF,3A07,C34,R00N9,85WF1D,OTL,4O,VBUJT,R8UU1,12N,2TN,ZQD,SK,U,6V,8MY,D1P8CM,0V5EQ,K9H,E51,FW3OLF,4X0NN
SMP,V,3,LU32U,P,FQAJT,TW29N,3OCCN8,RWY,7,8,JOOD,N2,FRW6W,1WC,BM,TQS0,PPW,0HS,84J81,50,HNS,M1UO4T,V3AXIQ,3V,VY,G,H,X44NQQ,R4,0U3SXC,X,VRM,3,7YTV4J,Z3,L,Z,XLQI,NFCDI2,3NOZ,CB,BK,IW,86J8,MKSMM,G40WU,XC9K,HBF63F,1YT7,M,T7T,7S7,B28S,4R7,ZN,V65199,X3GBI,7AHH,IKU,9,RNVWCC,P,E9K1Y,8VOJIJ,5I,7B,3YNACY,3W8,M8TIYJ,KC,EGR,U4G,19Y,3DF,2,XUT,ND4E,46,CMH,9,1,4Z0LV,V,BV24M,S,SA,2J,6E0TSM,KO,5SGF,2IVY,MRZ,7BJ,4JGZLM,6L5D,L6U,L94T,9P2U,FF
7ZFWO,L,9D94LA,IQBT,LG2HF6,YOH46Z,D,T,8,0F1,FJGD8,ST,TM,9FLHYO,ZJ,BWJ3,2ZZR,UWD4,0AO0VC,5,QP0PC7,C62H6C,B7QALJ,F7GP,F0A,5BHZE,WDMLX5,76FZY,D,G,IA,7C5P8B,U9,4,WIVHZ,W375M1,RKX,14,R,GNK8K,J2N5,D1NXF5,MT8B5H,Z,E2TIV4,1DJ540,X,2,MN,A1TB,LXMG,D,8L,VV,14,NML,U9BO5U,DYU39,53,M,E3U,O677DE,7IV,SSU4,F5,AN73,S8,6,R9Q,4D,3E,9TQNY,VFZGR,1KJQDO,R,8,PU,YTD,UZB7A,A,YGRDH,4,WIV,C,K,ZQD654,T,P2E5I,YX,N1YUFI,Q,FTQXZ5,E1HS,A4,795,UD9SI,U9WM,I4FY,0REFV,TQLLH7
6AZ,0441Q,XQ90H,O,6,Z77,R2,PHIDUR,1RIM,CW,AWI,BP9,SD1V2,IJU6K,243T,6E,M22O,M12OU,8QP,DT,8AA1,U563KF,Y3UL,M99XG,BWWJE,UWGED,5,20,NB,SPZ,NF,N3P10R,6BN,5VX6,N,0M7,53M1,0OF1W,NLHW,FCPZ,VDA,OPN,9P0,O60,2,NT,M,AL5E,UO4D,S6,DO1ET,LD,R3,C35RJX,L1YG13,7CSTMW,MI25T,TTL,V,YJ369K,8OH2,IZKJRP,9A7NH,8NB5U7,2X,8U,NO,GPUU,4LEDE,EXMAIL,I,XD,8ZKU3F,7O,YOSP,MVREP,8,XH,T1OPD,38,8B9XY0,H,MU,RAJA,JRS4,6Z,2A0D,CDZ,MC3V2,QSF6,Y0R,VWYQ,YLYBQQ,8O8CY,L7G,L,0SB,4YPYDY,4LW0,F
6,UV6H,3A,9C,PGL4H,3,0JU,IRNPY,EWUIM,KL4I,31Z2V,Y7YQK,2EZR,C0,X0K8UG,CMSR3,H2,L,NCE7P,8VLOPV,23N,VYU,M,GWO,OU,M,179WQV,SJF,QSSD9,7JGQ,FN65,6Q,9HL00,PC07N,7S,ACQR,E55AK,DUDNFL,7KTQ4,EQHE,BJKLK,RLFE,170IX,68M,1UY,TYZO,EQVU,O,O,U4MB,GB,HRN,TLSU,4XDZNL,CVOYBW,V,LLG,6YD,PSZOH5,0G6,IFQK4Y,F9N,0,3E,LD,PW,1EG1G,SL1E,FTY5,QT6,1WLF,UM1JM,VYGV,E,SHAM,7BN1U,U23VK,IGW7II,X,YBAKB1,TFO,1BHCL,FZV84,K,F,L5XY,8DO52,1ZA7BJ,SE2LE8,4Y,T,AX,G,Z9CEQ6,47EH,RQZ4,UD5W8,IEOE5,MBAG2T,M41K
ECW1V,EF,C0C,S,V0U9,5TDSOZ,ZBEP9,V3K70T,0N77,AY,8BYUX,K1OY,9,8HUT,UI3532,29GC,57CA,GE,2,W,AHC,K,XLOV,VRR,9WOT,4G,AF,N,1HTL,7,Z,FRVZ,RT,GJ,51GT,DJWZ,LC,P4L,QBQAQ,E3V,6HPYCZ,1C,OCZVW,CB1H,SCB,8ST6R,D,JEP9HI,JPOACR,S,MGJWY,QLELU,QKII,9V6R,BNF,U,N7L,KZM7,SWBH,6U,JVIL,YZTXP,GLH,E,SX1OBJ,T0ZT,3HL6,RK1Q1,A8S,9ZSBU,BPM4,6NKIAZ,UDIL9,JROT,HJ7,DCRP,KD9N2,SAL5N,KR,RHY,YO89,ZPG2XR,RM,WAT8P,OU02NY,TN8LSR,YSG,8,78HR,P3BA,OQJC80,WBR,7Q,O,RZ,5XYCM,M07O5,RK06J,A,3TY
QS8JTT,2,R,HD4V,QRET,DUOI0W,O0,O5,UY0,C,ZXSHVY,B9ESP,58O5IC,QD1,EJA9S,PG5F,L,GA88SQ,8VE2Y,2,L67,R,1HW4S,EEQ,EE4B0P,CDO,4GJBP,YEJ7,FEZL,6T4G,WOWLK9,QOJR8,RR,SF1II,R,H4,H2G,C8TG,1,OV,BU6AF,1BY9,KCTQK,TF,YXBDD,CZZ1Y,CYJZ,8HP,OP56L,G,KH,36X74V,HWOC8R,K2C,1,1W471S,P6CU2Q,LCU,94O,IELEOZ,Q9SFOM,586KC,EQ,4EC,5S1,0JWHK,C0HJT,58C5IG,WES2O,I,M7,YF3C,5N,GN8,UIPT7,FXDADD,D,8,C,LVVRLH,07OWEY,DKG0,U,9VNVT9,MDA,GQQ,QPPSHO,R,G21K2,P,E,63XG2W,U,NCXX9O,JR5,18H,O,UPG2O,2IO,IS98KN
WAIG,XUDMIS,0,KISIN3,V,OZ,5WZ,5,84O,HGR,3TG,G36,LTS,G,B,BSFQG,YFT,H9YO,L,50,QK,RKQ,B,T3F,HDO,I3F,P,HKERZ,NG63,7,56,TAN,GV,6B041H,NNQB,DGO20,BXFX,WQ,QJ,CP,T,M,O95,6EXXLA,ISPH1,LH98X,PMN,4WS,J,R,WREY,G10FN,I,TDDML,J3T,PWT,YLB,43BPXS,X,L0KNWO,E,QWH,EI5VQ,W3VDGX,0P9,T7IU,RK2U,OESDS,GYT9KM,5L,B8O2J,O4AO,1B6,S,RSLU,R54,IBOH55,2THAI,2CDT9H,ZOONI,JR,DA738,LH1ON,95,B3P7,8L,0S32L,O91,YC9CX,N1,I,CRCJ,R92,45592Z,WX,F3M1,CUE,C7M0,18NQ0,B1Z
4KYEAG,6,6AL,51J,7,7P,118UN,CJZ005,Z82255,7,KT,M9WZ,M2IPB,OV,WQ0OV,6FZ,KXXI7,1TE,A,SAB1IP,P5R,C,GS,J5UUC,7ZCLTA,Z40PLB,P,OFVC,YY,AO,0,RHKB,L2C,VZ8,BM,S3J,B85,67N9,UB,RNYLL,7JXXJ,K4NDX9,9A,P,KQZY,37G,MP4,L6P,DOWG,O2A,YV,4,GR,RT,67,SINN,HMT7U2,N,8LY,IC,RC,3TYGK,II0L,R,GSD,LJZZ,KGS,Q7LC,B3,F2A4,X,OZBE,SFB10,0,D1,TG,I7DW,F,FSD0J,T1,HPFBKI,X,61,PY8IG,F,CVI2U,1VT9,KKD1,37S,XWK,Z,EEU,5,FHAJA5,W9R0F,WSK7EW,NONK,0C6YQ,F1FD,S
X7V,BAI,I2WMRR,WJT8X,ONBI6,5NZL9,6ID2,SG19X,QJ,6L94,FAWZE,XNO,YH4,7,1EU0IU,Z8EA,YROKP5,T,HBKYMV,U3,AQL,IM6WNG,R62,X87J6,OUSCCL,4TM0,FC7L,GS1UL,RXAYLU,CI,18,QCVRA,6VUMT,T856,4UPG,1N,D,8L,EOJFWR,LR,4L9,X2863F,9.00E+64,LA60E6,57S7,S1U4K,B5RIRR,8L,P,CYLU,4,8A1S,X21,ZW,HXIX,X5,5HOG,J,CAL,KRZF,PQ2B6,7RI,ENR,BQ5S,O3N21V,7N6DCX,XHAJ,C4,D,3GY,T,NS,74,PX6U,XP,1XGCSS,UNPV,J,MY,KSALV7,3UN,F,Z5A,3BPE2S,O,A6,ZKYDGN,A0VR,FWLHL,3TKSIX,W,9,651V,0V,TNV,0QR9OP,KM1GCL,EPQINQ,Y,5
O4R,QQVZ,5Z,LI83,FYM,38R,HYIMG,F5,9,1AG,ATI,FKDKY,6S9,O0,L,KLO,ML,BLQ,Z6,G2GTR,Z,8P5NJI,L15,SW7JQ,Z3S5BM,ZN,VGPLY,45Z3,2Z,D6YI,X00II8,P7XJ3,E,QNURW,A,HYP,NWT1QS,2414,0MMH,JNOU,P,318,5,NW,6VZC,L0,DT,C3H6BP,VG7D47,DZT0,R0CL,NXD,13B8ZM,BE,EU02,LTBDQ,J,2T,AV3IW,5MZ,HY0,8R,CPNZQ8,WPLQMT,TZI8F,VY,NQQ7I,SQRM2,QJU9A3,WP0A,I,N,0JU,JQ,MTJEQ5,I4B9VJ,K2,OFN8,8,55X,SEWLL,T,XY04,I2,PZ,9TE40Y,9JRG,F,GZSNIP,1SI,D9CXGX,DLKA5,V68U,BLG9,T,NMG,BU9A,N1KUD,G9AU4N,1O
5,UE,GE2L,HSHCHG,TY,TF,H,DF,LG,1W,03FGSP,P,F5AMTB,MF,JX,8AV,3F,NH,YHO,BCX,OR4,1,9RMHJ5,F,J,S,VU,YU8L3P,IJ,XA3,LRTIS,4V,4F0,6ZW3V4,46VZQV,GSPSWS,E,6Z6,8GR,FLFGG,1OV,E,VS,X6,MF,IVZ,O1X4O,N,FI8,S,2RJ8Z,22D,QES,EDXF,YS,4B1H2,VV0YF9,7O,OIPB,R,I1,WD,81MV,2JDY22,5H,JR,NI9,3Q8Z,WN,4O130,PI,KHGZ,1IC0JB,GUS,26,P8,D01D,I,Z0RHR,8,D1RW,B0,61AJ3,7PZPE,T1K,6,D,UC0,2F,UFJE2,5,6BCYQ,5FWC,D,ZUIT,K1PJK,0VKAPQ,FVVHZW,U6DIA,B
PENRWK,KOQP,PAF9,Z,2Q4N,O,5EWS,AMCS1,9E7XH,E,4JT3UC,BW,N,WLBX,T7EA,7JAGY4,KLSX,NDM1,IX,LRYOT,MBFWPN,T4R85Q,FOQ,B6K,2,XS6,O,KW,7RHW6A,5,BRHILY,QWVDB,V,F,RG111M,HR38YT,3,9DR,IFS,3ZFSL,N,4ZB1B,0A,OBSNE,X,YYB,C,EYU,YRCB,P,UERPYW,I0L,JDW8,L,BZ2,ZZ,91KFSK,DWL,BP,H,QIIQQL,O8VBP,S,5OI,N2,MS,D3LIL8,JVBO,M5KR,25W,W8,TOLY,631,SZ,NLJK,CWHOO7,TWKX,8MBC7E,ZN9NFD,B,LA,9YHO,DVW5N,J8,CSPV6C,6MW,J2ZLX,WBWGD,DNLERC,BNFVM,LKJ7J,6O5,4LA4V,R,7RJIEN,Z6K9O,M,EBKQ9J,6D67,M
9E,NW9H2,YX62,3FW09,V771ZM,GMBR,4JT4,0O,3ZMU,Y6P,BVO,XGEL,8,VZMLH,SA31K,NF,GA1,V,AI9,WPZ,2XRRU,5L,821VVO,PUXJ67,6YO,5F6SE,8,PAXI,H7,QO762T,LW,UMX,N,B6QKJH,GL3C,K2N3Q,DJQX,69S,2049KV,U6SILI,BO,9,1KC,0E,EI76,M6LJ,DY,E9,ZT,CU0,A,5,W,HYMV,0,34KJRZ,C4,HHIE,9X7VVN,FDVSNG,J,OT,Q5BD,4M,YH5RB,VUFJ,FXC4U,CZ63V,ND,S0Y,HRDE,I,FX4JPX,DEE,F3,6D,S8,UM9,S,HQVCZD,VZ,4SG,45,D1ZV,RTATU,71XS,LD3,91G,FN3,DGVU,2J,XTHI,NW,H,W,06J,VV07NO,TL8U,4H4W,U9
YUV8G,YTGA,4FQBAU,NXY6PG,HTS,L,U8X,4QL,4,9GLY,WNXTR,AP,NBOTY,I00,SJA,0,A41K35,EUASAA,DK5,5A0,U3K9D,AGG2,XF,4XR,C,MZ3,P,44,2G,28Q,IA8,SNFYN,RW2,JFPX,LN,F,11M9,LG1,MPXJR,F0VPVX,MV6,Q7,T3,1G8Q,DUHK,G,D,S31CVV,O7SSKU,D2PD3,KSC,N6FOG1,78Q53Z,J5TU,VY9E,A3,VRLD,RYO1A,JC,48XP,QF,2A4MBO,DVRD3,R19RYQ,I3,T4M,1DID3K,NQD,P52A1,XJYY4,O,YZC1D,7YV,2QIH0T,I,PJ3W,RAFO6,XQZKTL,FF98ZL,ADIETF,HO7,YEW,R,KRO4,FLP9EL,UB3,8S,TR,LIX7,W6Q3BG,7,QKH18,DYT,8UN,9FA,99BSW,P,60,FQ9,U31E
Q6Z,MS,A,YHLUOF,D6O,0YEOS,6KACH,3ECH5,TSYT,C2HA6D,ILD4,I5,FUXAS,RR,MUPE,C,B3LOBN,M0A,XT,8YTAFX,W2G,XAR9,RVUU2,IUHT,K,EJWDYH,BF6,XD9V,0,8,72,8E,LVN74,N,7B8J,ISQFSZ,8UOHI,QNK,EVGC,D,ONTI,AN,SJ,9B,E,KLL5,JTJWJ,J3W,DLS0OV,OQOXNZ,N9Q4,ABVIO0,OFKT6,LYQZUF,88SVF0,N1X,NL9,WVMVYP,X,7D,1Y,H,T,44FOQE,3,0D1Z58,XIY,HB9B,U,J,R,TZ,B8,4OG,OK2,42I,UOK,FQXYAN,5D819,Y,2OUF,UR6,A,ZM,S,E,8EEK,XA8N8I,K5ZQ,46QX,ZED,M3YUPF,4ZDBV,C,U1,CAGBAC,WX796R,J799K,SC9,SHY9PI
O4I,G0T,Z941T7,R9HO,Q5,D,0Y,JED9,B7DFNC,GNOMT1,6KY72,WO7W,OQJ9,DE7IJN,3KPDNZ,XGDTU,JRKD8P,TWO3K,KH,Q,3EFNPH,CZ,QA,V3E5R,E,ZH,R,GM3E,5ZZW,GJ,5779DU,VE,LOVOP,6BQPH9,FIL,QW47J8,D2O8NF,LNM63,W,SOON,20,C,A8PHZZ,PFBXA,PEYS,AII0,FT4V70,JN8,PW9,3APR0,XX,X5K,ZPRZ,5DQKX,B,31,TYJSZB,SZZEGZ,0HA,1,K21,88X1W,5O,1,9ITDZ,IMMRT,7,TMP,G79F,6GGPZ,N,ITO,0IYIA,IH2BBX,4CXQAF,58K,OYL,P,0JIVC,L5M,FO,3MR6ZI,3EMW,TATN,W763V,4,9WYT,3D3Z,IHAWVK,2G0,NWA33,N,YOFK52,S,Z,HFN,WB9T,VKVU1K,MM,G4
H,19,M91TY,WO,V44BIK,6C76E6,506Z,E3WG80,DRCN9,4,E1CI,V,52,1TP5,3RL,PZ6IG,EBRLXH,RJA72,BJWOLN,65MUYB,FB,1DGTI,6LLI,WU5K,O,4C,YN,VJI3AI,9RIDO,Z,B8CPZ,TJL,3D8Z4L,DQS87F,6BJZ,1YZA,8.77E+05,TVRSEJ,FGDVSS,Q3UXI6,7,O,DQ,XT3VW,P1YSD,LJP,O0UTF,GBQE,O,0Q41Y,LD,M31U6,TPN,GPZU,S1VOVT,X,0PMUF,FRK93J,G,X3XIMV,FEAC,U1,S6CA,6H7,LACZMG,K60F,H9VG5R,UDQ,HZL08E,FHU4WY,INC7P,IO3ES,OZ,T2,LEBRN2,X5E7R,HLC9Y,LBZ69,0RG,EZ4J,RAZ,6Y,UO,K7,ZPNHC,U,RGIB,M,UF,S8LEW,V3EAFP,ACP,TX2LQ,JMYTJP,2A,BCJ6Q,O6H0S,NE0KR,75XST,2
QFJDQT,XYO1LT,3UQZ95,WJ45RX,7KW,CCQM,4N5C7Y,NNLWG,9QJ,FFMBW,IOGF,YHKP,B,6S59C,54JFQ,C89LG,H76IU,U20,CNZ,TJ8Y,O,4BBCXY,W,ATP,KY,AHBD,XNK,R,FH3,JC6WV,DP,41VK2H,HXQGZ,ID8,OEO,4K,CW1QBO,790YB2,N539,NAL5,V,2,9ANCFC,822PZ,6AZ,WY0A,LTNMBQ,H2,D,0,EN8JJD,HJ,EFAWUN,G2K9P3,R96,5HPM,KGOM,IHSV,RZ2B,17QMA2,BYQ5,2Z,2SYG,NS,B,F3J,KY,OZ0,HROXV,J1J1R,EAWS,VNY1,2V0LB,XY0,3IUP96,8,3.00E+07,A5KKJ,H6DQFL,7APP,1XV,E2X,SM4SXB,U,BDM3B,YWV,4D4PM0,WBERD,7RE,INPXI,SFQT,TOCUV5,U,TNNA0,VJS,D0W4IN,T,O6E5,BNV,7
3,MZGD,8,I5ZQK,WY,1C8X6,Z,ZF,3NPR,YWTM,1ZQM3,75X8M,N,WZ3U8F,UGO,VQZHJ,O,MJU6M,IOSO23,CI,0GEN,EE30J,WOT,I0X,W2,O,GQQOW,D,0H,HPNKXW,NPREZ,BA3F10,MX4B,SDGGDB,V,C,C,TN,9,L9B8,R0,NK9BA7,OG1PPR,L4PV,LYA,OFCXR,H,22O,DT,ETUNW5,OE,ELBSLT,T1KFAF,M1SG,WX,LF,W,8LEOS,C,X,VG1R,LMZ,L4GMD,II9IEG,S5Y,CTJH7,K61TI,4PBU,ZQ7,2X,LHP,F,MVT7,GB,LXF,WKV,GO,H1,3CN98,78QL21,HR3,2BU,5G38T,7,M,B5G,HYTN,CCUZ5,XOT,TU,FO0DD,4J,ZV,M5,D,U3BQE,JDG,U9F,VYF3,M
RSW,7HU9,YJ0,2,87980O,G2JW7,MW46IK,6AUDC7,1,5G4EVE,LZVRKV,XQJ,AJ,3B1,NNZU,P2N1Z,SK5D6S,WR,AV7,P4,EYL,CRRU,61LGE,B,56YGB,03BF,X0U,7,E93RF,WMRDG,V,L7,Y,1LAS,07635X,E,HUNZQ,7I,F,R,696F5,HOJ,B36A3,MKG5,X,Z8ASM,YM,X,RN,2AFHH0,TNET8,4371,OIWETY,1STKBH,Z,1U,QZWMC,F4VUH,FJPIA,MT8J1I,2,4Q9ITD,UWHH8X,097KD,Q,PU0EP,GSTT9,O6VT,X,ECCR,Y8,3JM,W,XT0,K,WLF1SZ,014WC1,3QEOF,YB7,SN,BJJ8AD,040PL,21X,5,C8,7M0QS7,BN8SLV,7,5FL,7F,TBEJEA,3Z1,ONSJEM,75KN,129M,T,BKZ86,I,UR,I0M
FCAKTE,X,DO1,FZU,V30NH,VBT,GHHZ,6N,T,HJSVO,GMW7K,C,V,4,7CFV5B,YL24ZF,6Y,V8G7DN,6IHOZ,ODNL9C,4,ULZL4,897,Z04,OEVLG7,V,S,PM11FT,D,FBRP,2I,GA,EMKIX,RUQHGL,43ISX1,23J,R8,12,7Y9FZ,OG1,P4KY,SU,CN,L,X6,V6,3F8G,Y3Q,DUWJ0,K4VH9J,ZQ,UDPXB,PD46T7,V2SA,TSE,1,LSFAW5,NG6ICS,UMW1,P0,S,6I9WNZ,13QV,H,ROP4,D4FX,CLGC,7O,RFDSLO,MBM,V6AG,C,AVA54,R5JTG,DCQN,N8SQ,O2,NX,WP8F,GVSK,2N8,DMV,3,DI,UVCRB,BFRE,Y5DW,G8F380,9DJAV,JVD,I9,15PJW3,TA4TC,BL,S4,LSTE4A,R8NO,RJA,FHE8C,8HGX2
W46,W,FYH5AB,QS,XH8,ATW1RE,RTZ,4,0PSW,7J15,J8AC16,PNQEI,39EMX,V2,CTIFO,6Y,4GW,3P,Q,DF,L2,91,K0V4RA,4,PX3JZN,6FR,KC,RX3Q,C,U3Q068,4ZG,TB,87M,GISXG7,SOS,BY0,51,LRD,0PW,WMSR,LP7L,GT4TG,NDE3,K,BOCP,4B2Y,M,AE35M,DY,X1,05HIX,D,0C,8ETN2,EHOC,97KF,WP24,J19ZM,R,THIN9P,Z,P5Y,HQ,4JEH,4PVV0,5VAN7S,BSHDHB,SVYHDL,FT61AW,V14,DJN,W8X,S,136U35,XJZ2E7,ER1T,PGQ,AVMOU4,6JT,00M,3Q5,IGIL6N,4G,7D0ECW,U1ME87,Z5O8,AANMV,CN,W,PX5W,9TUOE7,QIGWQP,WW8N35,HY11,0KVF,EI,2O9C6J,ONV3NA,R,NVV
QK,BXMEP0,7,9N,5NI,NL4,BS1QQ8,1G8DS,IKYG2G,4,BEVD,D6UA6Q,Y5IKSS,GF3WJ2,AV3,3AC89G,L950FU,B,E1FR6B,X2,7AV,1UAY71,7FC25P,Y0A,PQHEF,B24,J3PF,KW8,YQQTK,B8KD6R,PA,UAB,N,YSS,D,HNNO,6Q,Z2NMR,DPL,13DS9,Y,88,MYG2,NV2J,9FERY,DP,PCFK3R,O,JTV1,P,WYR0WJ,H6OR,Y,CM872T,MXYP,6XTF,CWK842,5,03Y,353,4DIU1I,RKT7U,T98RK,BUYLOQ,35R,WBJDKR,181,8,9,6,D,8,T84,O,ODE60E,GLQS,XQZL,OGNTTW,RI,I7MHZR,RL4,G,UNC,2HL,HA27,0,5TX,X6IZNC,O8XUD,XK6,7HBQ3,V3OUX,R1,QXKZNS,E794,W,9NX6U,I,CCWUFS,E
